last_name,first_name,email,street,city,state
Pike,Carlyle,cpike0@dion.ne.jp,09 Independence Road,Sacramento,California
By,Cilka,cby1@blogspot.com,30899 Twin Pines Crossing,Lansing,Michigan
Desport,Marya,mdesport2@devhub.com,95 Weeping Birch Center,Houston,Texas
Fookes,Robbi,rfookes3@comsenz.com,1361 Algoma Street,Canton,Ohio
McLise,Fee,fmclise4@networkadvertising.org,90 Havey Place,Cincinnati,Ohio
Shrimptone,Cointon,cshrimptone5@i2i.jp,2 Westend Junction,Pasadena,California
Youell,Philipa,pyouell6@spiegel.de,77 Spohn Road,Lexington,Kentucky
Cogman,Noella,ncogman7@independent.co.uk,5950 Moose Parkway,Springfield,Missouri
Miner,Rog,rminer8@hubpages.com,499 Drewry Court,Fort Lauderdale,Florida
Bartles,Minerva,mbartles9@howstuffworks.com,2 Maryland Plaza,Little Rock,Arkansas
Rahill,Maura,mrahilla@blogspot.com,2 Jackson Terrace,Rockford,Illinois
Suttling,Milt,msuttlingb@sogou.com,96504 Prairie Rose Parkway,Fairbanks,Alaska
Haisell,Rosco,rhaisellc@irs.gov,445 Elgar Road,Portsmouth,New Hampshire
Kibby,Alaric,akibbyd@lulu.com,436 Parkside Plaza,New York City,New York
Jorin,Charmane,cjorine@drupal.org,1779 Main Point,Miami,Florida
Crudginton,Lodovico,lcrudgintonf@tamu.edu,39510 Maple Wood Terrace,Henderson,Nevada
Chagg,Martino,mchaggg@europa.eu,707 Oriole Drive,Minneapolis,Minnesota
Narramor,Kathrine,knarramorh@rediff.com,084 Glendale Crossing,Henderson,Nevada
Hast,Catlin,chasti@dyndns.org,9097 Hayes Road,New York City,New York
Urien,Ediva,eurienj@reuters.com,6129 Duke Center,Asheville,North Carolina
Mundford,Hillier,hmundfordk@google.it,4 Hoffman Hill,Kansas City,Missouri
Tams,Marijo,mtamsl@cbslocal.com,23060 Lawn Drive,Washington,District of Columbia
Donaldson,Dorella,ddonaldsonm@miibeian.gov.cn,3 Pierstorff Hill,El Paso,Texas
Caslett,Barbara-anne,bcaslettn@senate.gov,7 Schmedeman Court,Hampton,Virginia
Richmond,Hoyt,hrichmondo@webeden.co.uk,0 Sundown Hill,Cincinnati,Ohio
Menendes,Norene,nmenendesp@nih.gov,7331 Debs Alley,Baltimore,Maryland
Bridgnell,Trenton,tbridgnellq@webeden.co.uk,136 Hagan Park,Houston,Texas
Cottam,Briney,bcottamr@blinklist.com,26 Hermina Terrace,Des Moines,Iowa
Longbone,Kirsti,klongbones@ask.com,9 Bluestem Terrace,Iowa City,Iowa
McPhee,Englebert,emcpheet@unc.edu,99 Lukken Parkway,Washington,District of Columbia
Ibbetson,Doti,dibbetsonu@imageshack.us,9 Dixon Center,Portland,Oregon
Laws,Tanney,tlawsv@rambler.ru,60 Service Pass,Portland,Oregon
Jacqueminet,Donaugh,djacqueminetw@nydailynews.com,9 Talmadge Court,Kissimmee,Florida
Dundon,Cookie,cdundonx@oaic.gov.au,83199 Corry Circle,Ogden,Utah
Ramiro,Stephannie,sramiroy@wikia.com,744 Dennis Pass,New York City,New York
Stuchbury,Rafferty,rstuchburyz@engadget.com,74298 Warner Parkway,Chattanooga,Tennessee
Ciccarelli,Robert,rciccarelli10@wisc.edu,2619 Pine View Street,Texarkana,Texas
Isack,Halley,hisack11@reuters.com,5 Tennessee Park,Largo,Florida
Birkinshaw,Duffy,dbirkinshaw12@vinaora.com,0 Elgar Circle,Saint Louis,Missouri
Willimot,Murielle,mwillimot13@51.la,794 Dennis Plaza,Tallahassee,Florida
Mattin,Rena,rmattin14@newyorker.com,0 Esch Street,Rochester,New York
Hancock,Janette,jhancock15@shutterfly.com,0200 Mallard Street,Des Moines,Iowa
McKinnell,Julius,jmckinnell16@soup.io,490 Stephen Way,Mesa,Arizona
Dawtrey,Angelle,adawtrey17@ucla.edu,99007 Magdeline Way,Detroit,Michigan
Hatch,Helen-elizabeth,hhatch18@friendfeed.com,99162 Sage Street,Saint Joseph,Missouri
Duddridge,Julietta,jduddridge19@google.cn,616 Rigney Way,Chicago,Illinois
Oxenham,Denver,doxenham1a@ifeng.com,09363 Cordelia Court,Fort Worth,Texas
Sackur,Cari,csackur1b@princeton.edu,839 Fallview Lane,Chesapeake,Virginia
Jeff,Eloisa,ejeff1c@hp.com,84369 Jenifer Point,Fort Pierce,Florida
Summerlad,Gabie,gsummerlad1d@miitbeian.gov.cn,691 Eagan Terrace,Cape Coral,Florida
Crotch,Kass,kcrotch1e@mapy.cz,2595 Carioca Point,Charlotte,North Carolina
Catto,Karissa,kcatto1f@bluehost.com,04040 Twin Pines Circle,Huntington,West Virginia
Gretham,Andy,agretham1g@spiegel.de,2 Moland Place,Idaho Falls,Idaho
Fazakerley,Di,dfazakerley1h@vk.com,9 South Park,Stamford,Connecticut
Ruskin,Meredithe,mruskin1i@vinaora.com,25495 Menomonie Hill,Danbury,Connecticut
Gowanson,Terencio,tgowanson1j@unc.edu,0 North Point,Charlotte,North Carolina
Plante,Gennifer,gplante1k@intel.com,16 Dawn Way,Albany,New York
Eddis,Weber,weddis1l@dell.com,5040 Bobwhite Pass,Newark,New Jersey
Piola,Enrichetta,epiola1m@multiply.com,0 Macpherson Center,New York City,New York
Snowsill,Dillon,dsnowsill1n@bbb.org,7 Marcy Way,Silver Spring,Maryland
Meachan,Doloritas,dmeachan1o@webs.com,738 Summerview Drive,Iowa City,Iowa
Rawood,Faber,frawood1p@tinypic.com,60 Cambridge Plaza,Winston Salem,North Carolina
MacGille,Abby,amacgille1q@skype.com,251 Veith Street,Longview,Texas
Tiley,Lita,ltiley1r@geocities.com,5 Victoria Way,Oklahoma City,Oklahoma
August,Codie,caugust1s@si.edu,34 Shelley Drive,Charleston,West Virginia
Milmore,Tania,tmilmore1t@g.co,13431 Sutteridge Drive,Springfield,Illinois
Petcher,Corene,cpetcher1u@barnesandnoble.com,35 Sugar Hill,Garland,Texas
Mansfield,Annmarie,amansfield1v@biglobe.ne.jp,326 Laurel Court,Lansing,Michigan
Cosley,Andee,acosley1w@cbsnews.com,8832 Eliot Drive,Charlotte,North Carolina
Haglington,Lucretia,lhaglington1x@feedburner.com,20474 Sage Way,Springfield,Missouri
Grote,Ethel,egrote1y@blogger.com,12013 Elka Plaza,Hollywood,Florida
Normanville,Toiboid,tnormanville1z@sourceforge.net,20094 Coleman Pass,Mobile,Alabama
Joseph,Bendicty,bjoseph20@w3.org,8407 6th Trail,New Orleans,Louisiana
Sinnett,Chrysler,csinnett21@fotki.com,8 Arkansas Terrace,West Palm Beach,Florida
Ohlsen,Fair,fohlsen22@deviantart.com,3217 Shopko Street,Winston Salem,North Carolina
Ellings,Kylie,kellings23@pcworld.com,045 Crescent Oaks Place,Columbus,Ohio
Chesher,Hollis,hchesher24@biblegateway.com,26 7th Parkway,Jacksonville,Florida
Rudinger,Raymond,rrudinger25@arizona.edu,685 Bartelt Circle,Arlington,Texas
Shmyr,Rosalinde,rshmyr26@cocolog-nifty.com,08615 Northridge Road,Birmingham,Alabama
Corking,Filberte,fcorking27@twitpic.com,6 Novick Park,Washington,District of Columbia
Gillimgham,Edita,egillimgham28@desdev.cn,33324 Fairview Pass,Salem,Oregon
Pidon,Yettie,ypidon29@utexas.edu,0159 Claremont Junction,Portland,Maine
Frany,Shandee,sfrany2a@geocities.com,58840 Everett Road,Atlanta,Georgia
Presland,Deirdre,dpresland2b@google.cn,551 Moose Plaza,Boise,Idaho
Tomkinson,Erminia,etomkinson2c@blinklist.com,1 Schlimgen Road,Tampa,Florida
Gourlay,Ximenez,xgourlay2d@furl.net,5742 Tennyson Terrace,Fort Worth,Texas
Joire,Tilda,tjoire2e@webeden.co.uk,034 Arrowood Road,Augusta,Georgia
Lahiff,Vanny,vlahiff2f@virginia.edu,895 Hudson Point,Austin,Texas
Kupis,Kendal,kkupis2g@dailymail.co.uk,4569 Northland Point,Lexington,Kentucky
Tillett,Jacquetta,jtillett2h@de.vu,3361 Melvin Parkway,Portland,Oregon
Lamprecht,Beck,blamprecht2i@umich.edu,79376 Burning Wood Point,San Francisco,California
Stansby,Juieta,jstansby2j@intel.com,45 Moose Alley,Saint Louis,Missouri
Cubbino,Shellysheldon,scubbino2k@skype.com,88 Claremont Point,Corona,California
Robins,Cairistiona,crobins2l@cam.ac.uk,5555 Macpherson Drive,Bethesda,Maryland
Barley,Noel,nbarley2m@google.de,9249 Straubel Park,El Paso,Texas
Goosnell,Carmelina,cgoosnell2n@wordpress.com,1 Huxley Parkway,Chicago,Illinois
Webber,Alfi,awebber2o@google.it,7471 Boyd Lane,Clearwater,Florida
Colaton,Nerta,ncolaton2p@ucla.edu,7136 Eagan Trail,Gulfport,Mississippi
Ferreres,Koren,kferreres2q@ameblo.jp,8 Donald Circle,Syracuse,New York
Folland,Jannel,jfolland2r@aol.com,3 Hanover Pass,Fayetteville,North Carolina
Hawking,Andrew,ahawking2s@vkontakte.ru,3768 Basil Place,El Paso,Texas
Dugall,Dyan,ddugall2t@unblog.fr,007 Lerdahl Street,Albany,New York
Urien,Eberto,eurien2u@dedecms.com,9 Talmadge Trail,Anchorage,Alaska
Petriello,Helen-elizabeth,hpetriello2v@wordpress.com,87254 4th Hill,Arlington,Virginia
Coltart,Annetta,acoltart2w@wikipedia.org,61199 Michigan Point,New Haven,Connecticut
Yurenev,Massimo,myurenev2x@tripadvisor.com,0 Nevada Pass,Lansing,Michigan
Libbis,Carla,clibbis2y@mit.edu,07014 Forest Junction,Charlotte,North Carolina
Nawton,Constanta,cnawton2z@example.com,62507 Charing Cross Court,Wilmington,Delaware
Duer,Idalia,iduer30@chron.com,038 Del Mar Terrace,Milwaukee,Wisconsin
Diddams,Tris,tdiddams31@nytimes.com,771 Independence Lane,Phoenix,Arizona
McColl,Clevie,cmccoll32@wikimedia.org,0 Carberry Lane,Dayton,Ohio
Brydson,Eydie,ebrydson33@g.co,86 Oneill Pass,Los Angeles,California
Headland,Chet,cheadland34@opensource.org,56 Lillian Road,Dayton,Ohio
Giblin,Bev,bgiblin35@indiatimes.com,364 Continental Point,Corona,California
Leah,Genovera,gleah36@usgs.gov,51 Cardinal Park,Charlotte,North Carolina
Dearl,Zebadiah,zdearl37@altervista.org,460 Thierer Avenue,Chicago,Illinois
Duck,Gunter,gduck38@mail.ru,6838 Prairie Rose Drive,Arlington,Virginia
Klosterman,Mar,mklosterman39@house.gov,4 Debra Center,Boston,Massachusetts
Fanton,Ida,ifanton3a@tinyurl.com,8212 Sugar Court,Baton Rouge,Louisiana
Paulley,Elnore,epaulley3b@freewebs.com,68 Main Crossing,Alexandria,Virginia
Cullabine,Allyn,acullabine3c@4shared.com,35732 Melody Pass,Dayton,Ohio
Pohlke,Celine,cpohlke3d@ustream.tv,896 Ludington Trail,Pittsburgh,Pennsylvania
Krier,Eugine,ekrier3e@ed.gov,5 Mosinee Pass,Memphis,Tennessee
Gallehawk,Armin,agallehawk3f@123-reg.co.uk,336 Welch Plaza,Shreveport,Louisiana
Tuffell,Emmalee,etuffell3g@t.co,709 Kim Avenue,Denver,Colorado
Chimes,Westbrook,wchimes3h@zimbio.com,3 Mariners Cove Road,Glendale,Arizona
Jodrellec,Myrvyn,mjodrellec3i@parallels.com,4 Northland Lane,Des Moines,Iowa
Kidde,Arliene,akidde3j@jugem.jp,1124 Banding Pass,Long Beach,California
Dockerty,Newton,ndockerty3k@godaddy.com,7 Menomonie Center,Orlando,Florida
Charer,Karylin,kcharer3l@amazon.de,51 Reindahl Place,Bellevue,Washington
Littlekit,Brittne,blittlekit3m@hugedomains.com,0 Meadow Valley Place,Austin,Texas
Schwerin,Carson,cschwerin3n@narod.ru,0 Center Place,Houston,Texas
Ley,Calli,cley3o@usatoday.com,2386 Darwin Road,Daytona Beach,Florida
Rye,Lincoln,lrye3p@house.gov,256 Spaight Hill,Jackson,Tennessee
Rounding,Geri,grounding3q@ucoz.com,9808 Towne Circle,Gadsden,Alabama
Kidby,Keefe,kkidby3r@businessweek.com,29208 Eastwood Terrace,Washington,District of Columbia
Glanert,Brinn,bglanert3s@51.la,41529 Trailsway Hill,North Hollywood,California
Jewitt,Gael,gjewitt3t@drupal.org,80237 Rieder Crossing,Houston,Texas
Wrefford,Izzy,iwrefford3u@addthis.com,36 Sommers Avenue,Schaumburg,Illinois
Tredwell,Denis,dtredwell3v@amazon.co.jp,508 Jenna Center,Austin,Texas
Hamprecht,Othelia,ohamprecht3w@cisco.com,0 Walton Drive,San Jose,California
Turgoose,Rob,rturgoose3x@seattletimes.com,26271 Sunbrook Junction,Washington,District of Columbia
Tybalt,Natty,ntybalt3y@1und1.de,4395 Butternut Parkway,Wilmington,North Carolina
Ciraldo,Geneva,gciraldo3z@wordpress.com,1 Graedel Terrace,Lake Charles,Louisiana
Eustice,Nancee,neustice40@home.pl,58412 Corscot Court,Madison,Wisconsin
Cicchelli,Bernete,bcicchelli41@trellian.com,5 Carey Parkway,Orlando,Florida
Blondin,York,yblondin42@examiner.com,9671 Del Mar Point,Denver,Colorado
Benois,Bent,bbenois43@ucla.edu,85 Forest Run Hill,Olympia,Washington
Playfoot,Ilysa,iplayfoot44@umn.edu,3007 Coleman Terrace,Seattle,Washington
Rolling,Dorree,drolling45@topsy.com,4 Manitowish Lane,Pensacola,Florida
Jellyman,Redd,rjellyman46@comsenz.com,12038 Kedzie Drive,Toledo,Ohio
Vahl,Donovan,dvahl47@census.gov,27 Sherman Alley,Dallas,Texas
Labin,Kurtis,klabin48@aboutads.info,3 Warrior Avenue,Louisville,Kentucky
Muldoon,Adolph,amuldoon49@cbsnews.com,6 Waywood Center,Toledo,Ohio
Dallaway,Uriah,udallaway4a@pagesperso-orange.fr,4 Columbus Alley,Albuquerque,New Mexico
Klinck,Geri,gklinck4b@ezinearticles.com,0 Derek Crossing,Arlington,Virginia
Boshier,Irv,iboshier4c@dyndns.org,174 Superior Alley,Cheyenne,Wyoming
Wloch,Kellsie,kwloch4d@weebly.com,6413 Waywood Junction,Phoenix,Arizona
Kuban,Rusty,rkuban4e@aboutads.info,7681 Almo Place,Rockford,Illinois
Roxburch,Gianni,groxburch4f@chron.com,248 Laurel Point,Jacksonville,Florida
Sango,Jesselyn,jsango4g@toplist.cz,53200 Lien Drive,Evansville,Indiana
Coote,Prinz,pcoote4h@slashdot.org,279 Truax Street,Arlington,Virginia
Yoseloff,Filip,fyoseloff4i@cargocollective.com,11223 Merrick Alley,Huntington,West Virginia
Haggas,Skelly,shaggas4j@berkeley.edu,5884 Nevada Crossing,El Paso,Texas
Rydzynski,Linnet,lrydzynski4k@seattletimes.com,89 Dexter Terrace,Newport News,Virginia
Hasnip,Iago,ihasnip4l@admin.ch,27708 Luster Terrace,Las Vegas,Nevada
McWhorter,Erda,emcwhorter4m@csmonitor.com,93 Blaine Center,North Las Vegas,Nevada
Howgill,Benton,bhowgill4n@reuters.com,057 Lukken Road,Phoenix,Arizona
Gerrie,Letti,lgerrie4o@nytimes.com,24 Stoughton Drive,Houston,Texas
Eddison,Shep,seddison4p@wufoo.com,60638 Iowa Road,Waco,Texas
Longhorne,Hatti,hlonghorne4q@stumbleupon.com,52088 Scofield Circle,Spokane,Washington
Helgass,Lonee,lhelgass4r@bbb.org,6 Sycamore Parkway,Las Vegas,Nevada
Smeuin,Maurizio,msmeuin4s@skype.com,3309 Superior Circle,Phoenix,Arizona
Abbey,Laural,labbey4t@dmoz.org,6403 Sheridan Point,Albuquerque,New Mexico
Larway,Jordana,jlarway4u@boston.com,1 Hauk Terrace,Naples,Florida
Doudny,Russell,rdoudny4v@digg.com,5 Lawn Point,Richmond,Virginia
Gamett,Carry,cgamett4w@icio.us,165 Waxwing Lane,Las Vegas,Nevada
Kausche,Karen,kkausche4x@vimeo.com,04 Utah Trail,Waterbury,Connecticut
Whorf,Hubie,hwhorf4y@topsy.com,7 Oakridge Drive,Garden Grove,California
Grist,Nessy,ngrist4z@tiny.cc,129 Marcy Way,Reno,Nevada
Clother,Tessie,tclother50@usa.gov,69 Towne Plaza,Bowie,Maryland
Cumberlidge,Emily,ecumberlidge51@deviantart.com,382 Dakota Plaza,Atlanta,Georgia
Barwood,Ferrell,fbarwood52@issuu.com,61728 Dorton Court,Spokane,Washington
McAirt,Antonio,amcairt53@hhs.gov,18 Prairieview Parkway,Salt Lake City,Utah
Koeppke,Deck,dkoeppke54@sciencedaily.com,50210 Jenifer Crossing,Petaluma,California
Caygill,Belia,bcaygill55@pagesperso-orange.fr,41304 Carberry Park,Pittsburgh,Pennsylvania
Geratt,Archie,ageratt56@purevolume.com,4495 Hintze Avenue,Las Vegas,Nevada
MacNeish,Liza,lmacneish57@symantec.com,97091 School Point,Memphis,Tennessee
Dible,Oralle,odible58@printfriendly.com,2 Eastwood Circle,Springfield,Illinois
McKenna,Shaine,smckenna59@princeton.edu,8965 Monterey Lane,Buffalo,New York
Sulman,Franklyn,fsulman5a@bloglovin.com,9 Scofield Terrace,Miami,Florida
Harbottle,Dorella,dharbottle5b@icq.com,8 Rusk Parkway,Birmingham,Alabama
Clemenza,Deloria,dclemenza5c@yahoo.co.jp,0824 Homewood Crossing,Jackson,Mississippi
O'Toole,Junette,jotoole5d@epa.gov,1896 Westridge Center,Charleston,West Virginia
Garbar,Chandal,cgarbar5e@netlog.com,42921 Bashford Center,New York City,New York
Boddis,Gil,gboddis5f@alexa.com,95837 Weeping Birch Parkway,Brooksville,Florida
Edgeon,Anestassia,aedgeon5g@bloglines.com,8 Rockefeller Point,Nashville,Tennessee
Greader,Bell,bgreader5h@g.co,04604 Pawling Park,Davenport,Iowa
Kubat,Agathe,akubat5i@cloudflare.com,4679 Boyd Street,Des Moines,Iowa
Adlam,Tiena,tadlam5j@163.com,1 Colorado Parkway,Seattle,Washington
Pfeuffer,Eugenia,epfeuffer5k@myspace.com,910 Dapin Park,Birmingham,Alabama
Kick,Benedicta,bkick5l@bizjournals.com,60 Oriole Lane,Irving,Texas
Hadley,Nate,nhadley5m@newsvine.com,161 Memorial Circle,Orlando,Florida
Paddock,Llewellyn,lpaddock5n@spiegel.de,95 Badeau Drive,Hartford,Connecticut
Konzel,Scarlett,skonzel5o@bloglovin.com,004 Barby Lane,Charleston,West Virginia
Schubart,Renie,rschubart5p@quantcast.com,6845 Commercial Court,Sacramento,California
Ruane,Biddy,bruane5q@ycombinator.com,125 Claremont Avenue,Modesto,California
Bruhnicke,Eustace,ebruhnicke5r@berkeley.edu,82 Continental Lane,Orlando,Florida
Edelheid,Kaye,kedelheid5s@elegantthemes.com,3 South Terrace,Memphis,Tennessee
Turfs,Darelle,dturfs5t@posterous.com,991 Springview Center,Punta Gorda,Florida
Bromidge,Kellie,kbromidge5u@xinhuanet.com,48 Gale Trail,Rochester,New York
Willatt,Gerda,gwillatt5v@squidoo.com,423 Namekagon Avenue,Denver,Colorado
Kulic,Dell,dkulic5w@cpanel.net,05737 Hooker Lane,Orlando,Florida
Gillis,Donella,dgillis5x@163.com,91 Reindahl Crossing,San Jose,California
BoHlingolsen,Tracy,tbohlingolsen5y@toplist.cz,9 Columbus Plaza,Memphis,Tennessee
Kingscott,Clay,ckingscott5z@amazonaws.com,811 Waxwing Court,Philadelphia,Pennsylvania
Dencs,Davidde,ddencs60@tmall.com,15 Crescent Oaks Plaza,Springfield,Illinois
Golthorpp,Monro,mgolthorpp61@bandcamp.com,1 Judy Point,Atlanta,Georgia
Clubb,Luella,lclubb62@skyrock.com,9179 Mesta Parkway,Springfield,Illinois
Zumbusch,Angie,azumbusch63@timesonline.co.uk,14126 Kings Park,Chicago,Illinois
McKeller,Lyndel,lmckeller64@washingtonpost.com,412 Northland Circle,Carol Stream,Illinois
Brafferton,Filberto,fbrafferton65@newyorker.com,9 Heath Park,Detroit,Michigan
Painter,Coriss,cpainter66@baidu.com,426 Ramsey Terrace,Minneapolis,Minnesota
O'Roan,Paolo,poroan67@technorati.com,2915 Paget Pass,Durham,North Carolina
Dando,Erik,edando68@mit.edu,4503 Emmet Alley,Portland,Oregon
Geekin,Sharona,sgeekin69@alexa.com,1 Namekagon Way,Fort Lauderdale,Florida
Han,Baxter,bhan6a@comcast.net,04352 Cordelia Street,Oklahoma City,Oklahoma
Milborn,Dennis,dmilborn6b@youku.com,4063 1st Plaza,Scottsdale,Arizona
Clapison,Kassandra,kclapison6c@wordpress.com,389 Evergreen Crossing,Las Vegas,Nevada
Enser,Nilson,nenser6d@lulu.com,37 Reinke Point,New Orleans,Louisiana
Lammerich,Freida,flammerich6e@miitbeian.gov.cn,81 Dryden Point,Fort Lauderdale,Florida
MacGuiness,Cecilla,cmacguiness6f@house.gov,32 Thackeray Way,Anchorage,Alaska
Soloway,Alexina,asoloway6g@latimes.com,2874 Jana Hill,Los Angeles,California
Cronk,Glenden,gcronk6h@phpbb.com,28 Steensland Drive,Alexandria,Virginia
Sapwell,Mose,msapwell6i@slate.com,1651 Hauk Street,New Hyde Park,New York
Roches,Kipper,kroches6j@guardian.co.uk,8988 Westend Trail,White Plains,New York
Eisenberg,Rik,reisenberg6k@geocities.jp,9416 Elmside Park,Saint Paul,Minnesota
Macieja,Brynn,bmacieja6l@intel.com,24899 Hintze Way,Oklahoma City,Oklahoma
Concannon,Ariela,aconcannon6m@sina.com.cn,630 Summer Ridge Way,San Jose,California
Huge,Giacinta,ghuge6n@ifeng.com,70711 7th Junction,Memphis,Tennessee
Leroux,Shalna,sleroux6o@github.io,2 Stoughton Street,Baltimore,Maryland
Reston,Marcie,mreston6p@github.com,3476 Rowland Lane,Grand Rapids,Michigan
Raistrick,Rianon,rraistrick6q@zimbio.com,70 Brentwood Circle,Maple Plain,Minnesota
Hamberston,Moise,mhamberston6r@ed.gov,85 Meadow Vale Road,Louisville,Kentucky
Grocock,Andros,agrocock6s@samsung.com,32 Oneill Junction,Mc Keesport,Pennsylvania
Dinsell,Corney,cdinsell6t@si.edu,6935 Golf Road,Atlanta,Georgia
Shier,Katusha,kshier6u@house.gov,18 Mallory Parkway,Phoenix,Arizona
Scare,Tiebout,tscare6v@businesswire.com,8 Gina Hill,Modesto,California
Thompstone,Liv,lthompstone6w@myspace.com,001 Lotheville Lane,New York City,New York
Blackney,Rosemary,rblackney6x@furl.net,5037 Weeping Birch Way,Cincinnati,Ohio
Deboo,Rivkah,rdeboo6y@homestead.com,132 Becker Park,Montgomery,Alabama
Montel,Anjanette,amontel6z@themeforest.net,81357 Sachtjen Alley,Worcester,Massachusetts
Waller,Allen,awaller70@webeden.co.uk,1700 Dorton Trail,Jefferson City,Missouri
Abbets,Quentin,qabbets71@google.com,959 Hayes Plaza,North Port,Florida
Ponnsett,Ase,aponnsett72@un.org,38029 American Ash Alley,Kansas City,Kansas
Geall,Noreen,ngeall73@aboutads.info,6 Green Ridge Alley,New York City,New York
Brannan,Ealasaid,ebrannan74@liveinternet.ru,1 Hudson Point,San Diego,California
Dumsday,Worth,wdumsday75@yolasite.com,3 Ludington Pass,Wilmington,Delaware
Drinkel,Orazio,odrinkel76@utexas.edu,37 Milwaukee Lane,El Paso,Texas
Tewkesbury.,Travus,ttewkesbury77@biblegateway.com,6 Rowland Pass,Chicago,Illinois
Wimlet,Nadine,nwimlet78@elpais.com,28298 Oak Drive,Burbank,California
Geleman,Wilton,wgeleman79@hatena.ne.jp,5638 Packers Place,Washington,District of Columbia
Arlett,Rafaelia,rarlett7a@nps.gov,24 Thierer Parkway,Santa Monica,California
Feehery,Clarey,cfeehery7b@naver.com,550 Bluejay Drive,Oklahoma City,Oklahoma
MacRinn,Jeramie,jmacrinn7c@hatena.ne.jp,49697 Crest Line Junction,Fort Myers,Florida
Penny,Lari,lpenny7d@behance.net,8980 Gale Road,Portland,Oregon
Titcombe,Josey,jtitcombe7e@posterous.com,5541 Calypso Terrace,Lexington,Kentucky
Pawle,Lian,lpawle7f@google.pl,386 Cordelia Place,Raleigh,North Carolina
Skilbeck,Solly,sskilbeck7g@fc2.com,3 Eggendart Drive,Spokane,Washington
Bulter,Jesus,jbulter7h@amazon.com,5608 Almo Terrace,Spokane,Washington
Cobbled,Miguelita,mcobbled7i@state.gov,62937 Linden Point,Tyler,Texas
Reston,Alexander,areston7j@ftc.gov,339 Columbus Lane,Roanoke,Virginia
Huller,Melina,mhuller7k@dagondesign.com,4369 Maple Wood Park,Ventura,California
Nathon,Cora,cnathon7l@psu.edu,4809 Meadow Ridge Plaza,Boston,Massachusetts
Brou,Cicely,cbrou7m@theguardian.com,7651 Memorial Road,Pompano Beach,Florida
Clawe,Whitney,wclawe7n@lulu.com,0 Northfield Trail,Tampa,Florida
Keppy,Scotti,skeppy7o@naver.com,9 Oxford Drive,Albany,New York
Andell,Alysa,aandell7p@latimes.com,3202 Hallows Terrace,Arlington,Virginia
Theuff,Di,dtheuff7q@google.com.br,67814 Iowa Center,Chicago,Illinois
Herculson,Audrie,aherculson7r@com.com,0360 Main Hill,Denver,Colorado
Weeke,Thorpe,tweeke7s@discuz.net,6 Maryland Junction,Baton Rouge,Louisiana
Poulsum,Skipton,spoulsum7t@tripadvisor.com,3569 Springs Avenue,Baltimore,Maryland
Tremelling,Lethia,ltremelling7u@oakley.com,91666 Monica Parkway,Arlington,Virginia
Guynemer,Ezequiel,eguynemer7v@nature.com,60969 Anniversary Trail,Tucson,Arizona
Gauden,Abigail,agauden7w@ezinearticles.com,4460 Golf Hill,Saint Paul,Minnesota
Orchard,Josselyn,jorchard7x@edublogs.org,220 Laurel Junction,Amarillo,Texas
Saiens,Christiane,csaiens7y@so-net.ne.jp,25802 Mitchell Alley,Montgomery,Alabama
Wateridge,Minda,mwateridge7z@boston.com,6 Valley Edge Plaza,Winston Salem,North Carolina
Corss,Galvan,gcorss80@blogtalkradio.com,160 Manitowish Avenue,Huntington,West Virginia
Phythean,Barry,bphythean81@nyu.edu,7786 Waywood Terrace,Brooklyn,New York
Boraston,Marcille,mboraston82@youtube.com,85845 Superior Center,Wilkes Barre,Pennsylvania
Tamplin,Ronalda,rtamplin83@comcast.net,7 Onsgard Crossing,Sacramento,California
Cardnell,Griffie,gcardnell84@microsoft.com,37 School Drive,Pittsburgh,Pennsylvania
Lyal,Elysia,elyal85@sfgate.com,02317 Stoughton Point,Bradenton,Florida
Kenaway,Jefferey,jkenaway86@over-blog.com,8377 Cody Park,Phoenix,Arizona
Keenlyside,Ruthie,rkeenlyside87@flickr.com,49 Hoepker Lane,Las Vegas,Nevada
Capstake,Maxy,mcapstake88@jigsy.com,1 Grim Center,White Plains,New York
Iacivelli,Domenic,diacivelli89@blinklist.com,17 Havey Junction,Arlington,Virginia
Moisey,Kent,kmoisey8a@xinhuanet.com,86 Red Cloud Road,Albany,New York
Treharne,Allyce,atreharne8b@bing.com,3 Hayes Crossing,Washington,District of Columbia
Lusher,Kelvin,klusher8c@dell.com,58992 Northview Place,Milwaukee,Wisconsin
O'Nions,Therese,tonions8d@printfriendly.com,9 Armistice Way,Washington,District of Columbia
Casbourne,Welsh,wcasbourne8e@slideshare.net,8 Lakeland Crossing,Brooksville,Florida
Souttar,Osbourne,osouttar8f@usda.gov,5 Gulseth Terrace,Waterbury,Connecticut
Penney,Twyla,tpenney8g@com.com,2 Lerdahl Street,Newton,Massachusetts
Ceci,Rosamund,rceci8h@delicious.com,94373 Division Point,Springfield,Illinois
Pinsent,Robbie,rpinsent8i@marriott.com,4 Hauk Junction,Roanoke,Virginia
Manifield,Kara-lynn,kmanifield8j@homestead.com,7 Eagan Place,Saint Paul,Minnesota
Napier,Bartholomeus,bnapier8k@mediafire.com,70569 Dottie Plaza,Pensacola,Florida
Seefeldt,Eleni,eseefeldt8l@craigslist.org,9908 Anthes Center,Miami Beach,Florida
Blackater,Selie,sblackater8m@google.de,2 Anthes Parkway,Pasadena,California
Huc,Klaus,khuc8n@google.it,2794 Manley Way,Chattanooga,Tennessee
Phillpot,Kylie,kphillpot8o@reddit.com,8471 Moland Terrace,Gatesville,Texas
Goggin,Joni,jgoggin8p@patch.com,467 Mockingbird Point,Pittsburgh,Pennsylvania
Bootman,Dion,dbootman8q@dion.ne.jp,80188 Crest Line Pass,Pittsburgh,Pennsylvania
Ludlow,Maye,mludlow8r@xinhuanet.com,0 Grasskamp Circle,Boston,Massachusetts
Bourhill,Rici,rbourhill8s@networkadvertising.org,26444 Derek Court,Nashville,Tennessee
Laven,Renae,rlaven8t@1688.com,86425 Clarendon Circle,Glendale,Arizona
Antowski,Georgie,gantowski8u@bravesites.com,20 Hintze Junction,Akron,Ohio
Hariot,Delia,dhariot8v@cpanel.net,3 Summerview Place,Houston,Texas
Bangham,Bambi,bbangham8w@slashdot.org,49 Village Green Trail,Flint,Michigan
Mackett,Abbey,amackett8x@sina.com.cn,4 Texas Parkway,Omaha,Nebraska
Londesborough,Cobby,clondesborough8y@livejournal.com,42 Mayer Parkway,Norwalk,Connecticut
Kleinstern,Carce,ckleinstern8z@bing.com,0856 Manufacturers Court,Newton,Massachusetts
Bougourd,Hammad,hbougourd90@toplist.cz,8224 Mesta Avenue,Omaha,Nebraska
Grennan,Kirby,kgrennan91@hao123.com,9326 Knutson Terrace,Brooklyn,New York
Hugo,Mata,mhugo92@prnewswire.com,4 Waywood Road,Brooklyn,New York
Richardot,Jean,jrichardot93@ed.gov,8 Lukken Parkway,Memphis,Tennessee
Bonifant,Doe,dbonifant94@freewebs.com,1099 Dryden Trail,El Paso,Texas
Ibarra,Rabi,ribarra95@foxnews.com,51211 Milwaukee Road,Denver,Colorado
Badsworth,Ashien,abadsworth96@twitpic.com,376 Fisk Court,Orlando,Florida
Cahill,Bobbee,bcahill97@mac.com,1412 Doe Crossing Way,Garden Grove,California
Maffioletti,Husain,hmaffioletti98@boston.com,847 Ruskin Lane,Kent,Washington
Goacher,Adan,agoacher99@prweb.com,6 Vahlen Lane,New York City,New York
Slatford,Blinny,bslatford9a@slideshare.net,751 Daystar Hill,Portland,Oregon
Freezor,Cornelius,cfreezor9b@paypal.com,9280 Ruskin Park,New York City,New York
Biasini,Allyn,abiasini9c@hao123.com,85 Crest Line Point,Las Vegas,Nevada
Agastina,Brewster,bagastina9d@blinklist.com,88791 Shelley Hill,Tacoma,Washington
Vogl,Ossie,ovogl9e@google.co.uk,8599 Merrick Trail,Washington,District of Columbia
Stoppard,See,sstoppard9f@qq.com,0271 Donald Court,Saint Louis,Missouri
Ashbey,Holly-anne,hashbey9g@theguardian.com,0892 Saint Paul Lane,Salt Lake City,Utah
Spellsworth,Teresa,tspellsworth9h@aol.com,8925 Lakewood Crossing,Evansville,Indiana
Rilton,Francklyn,frilton9i@storify.com,77 Nelson Crossing,Rochester,New York
Curtain,Floris,fcurtain9j@indiatimes.com,22230 Tony Drive,Waco,Texas
Penrose,Findley,fpenrose9k@wikispaces.com,89618 Macpherson Road,Savannah,Georgia
Mardle,Marketa,mmardle9l@hc360.com,8 Larry Alley,San Francisco,California
Cumpton,Chelsea,ccumpton9m@sbwire.com,85368 Brown Park,Portland,Maine
McWhan,Franzen,fmcwhan9n@ucsd.edu,437 Old Shore Center,Houston,Texas
Dunnet,Elsa,edunnet9o@shinystat.com,70071 Bobwhite Center,Syracuse,New York
Jeste,Lancelot,ljeste9p@weebly.com,60800 Wayridge Hill,Port Saint Lucie,Florida
Surplice,Saba,ssurplice9q@slashdot.org,978 Farragut Trail,Miami,Florida
Kayley,Lianne,lkayley9r@mit.edu,98 Katie Avenue,Oceanside,California
Liell,Edithe,eliell9s@friendfeed.com,23 Messerschmidt Alley,Huntington,West Virginia
Croote,Tony,tcroote9t@bing.com,3167 Golf Course Plaza,Bradenton,Florida
Garrals,Dorey,dgarrals9u@zimbio.com,3 Eagle Crest Drive,Huntsville,Alabama
McRuvie,Rollin,rmcruvie9v@va.gov,4 Lakewood Gardens Avenue,Dallas,Texas
Yakuntzov,Viviana,vyakuntzov9w@delicious.com,29 Service Alley,Atlanta,Georgia
Bleasdale,Rab,rbleasdale9x@linkedin.com,8 Gulseth Way,Danbury,Connecticut
Pitt,Neale,npitt9y@uol.com.br,20301 Fairview Trail,Miami,Florida
Sweatman,Berk,bsweatman9z@google.co.uk,31569 Schurz Terrace,Amarillo,Texas
Heaney`,Clarita,cheaneya0@examiner.com,32533 Kennedy Point,Birmingham,Alabama
Andri,Marven,mandria1@phoca.cz,2 Donald Terrace,Brooklyn,New York
Lamb-shine,Boyd,blambshinea2@hud.gov,0 Karstens Point,Lawrenceville,Georgia
Pearn,Anni,apearna3@mit.edu,012 Lien Point,Pittsburgh,Pennsylvania
Skylett,Marcelline,mskyletta4@icio.us,1 Chinook Center,Brooklyn,New York
Dalgarnocht,Amaleta,adalgarnochta5@businessinsider.com,89774 Burning Wood Point,Brooksville,Florida
Beatty,Darrin,dbeattya6@cdc.gov,87 Westport Drive,Lehigh Acres,Florida
Knevett,Godfry,gknevetta7@uiuc.edu,38 Warner Way,Miami,Florida
Rash,Dominic,drasha8@360.cn,385 Dunning Alley,Albuquerque,New Mexico
Batterham,Nerty,nbatterhama9@networkadvertising.org,91 North Crossing,Houston,Texas
Mackro,Rudolfo,rmackroaa@cam.ac.uk,992 Service Plaza,Melbourne,Florida
Maxwell,Libbie,lmaxwellab@plala.or.jp,289 Lerdahl Trail,Washington,District of Columbia
Casement,Valle,vcasementac@odnoklassniki.ru,2 Kedzie Court,Huntsville,Alabama
Vallack,Finn,fvallackad@deviantart.com,7 Atwood Trail,York,Pennsylvania
Jeyness,Selby,sjeynessae@tripadvisor.com,7 Mockingbird Street,Boston,Massachusetts
Windress,Auberta,awindressaf@behance.net,42562 Fairview Trail,Birmingham,Alabama
Scheffel,Lisetta,lscheffelag@harvard.edu,61955 Pleasure Crossing,Lancaster,Pennsylvania
Zanetti,Claudetta,czanettiah@time.com,6538 Darwin Plaza,Washington,District of Columbia
Arendsen,Augie,aarendsenai@seattletimes.com,6 Harbort Place,Baton Rouge,Louisiana
Boulstridge,Bill,bboulstridgeaj@twitter.com,75 Cordelia Trail,El Paso,Texas
Drust,Karim,kdrustak@marriott.com,9 Mariners Cove Plaza,Naperville,Illinois
Crosse,Zedekiah,zcrosseal@deliciousdays.com,5 Elgar Terrace,Providence,Rhode Island
Warburton,Emyle,ewarburtonam@w3.org,16 Caliangt Plaza,Washington,District of Columbia
Levey,Pammi,pleveyan@omniture.com,9407 Forest Point,Chicago,Illinois
Slocum,Saunder,sslocumao@51.la,61707 Lerdahl Avenue,Kansas City,Missouri
Baltrushaitis,Janela,jbaltrushaitisap@mysql.com,86 Buhler Pass,Richmond,California
Callcott,Kalvin,kcallcottaq@blogs.com,024 Mallory Place,Norfolk,Virginia
Meryett,Erika,emeryettar@constantcontact.com,44438 Oak Center,Orlando,Florida
Bransgrove,Regan,rbransgroveas@drupal.org,25 Lakewood Gardens Circle,Fort Lauderdale,Florida
Catherick,Maxi,mcatherickat@1688.com,19 Tennessee Lane,West Palm Beach,Florida
Gillfillan,Sanford,sgillfillanau@noaa.gov,6 Tony Plaza,Chicago,Illinois
Calley,Bryn,bcalleyav@upenn.edu,5 Park Meadow Place,Washington,District of Columbia
Liptrot,Orelie,oliptrotaw@blog.com,46534 Sundown Road,Fort Worth,Texas
Longea,Coop,clongeaax@wikia.com,8921 Roth Pass,New York City,New York
Mattiessen,Anders,amattiessenay@nyu.edu,82906 South Circle,San Jose,California
Thorsen,Webster,wthorsenaz@github.com,01 Eliot Junction,Charleston,West Virginia
Swinbourne,Towney,tswinbourneb0@utexas.edu,67 Stone Corner Alley,San Antonio,Texas
Housecroft,Eustacia,ehousecroftb1@goodreads.com,474 Carey Court,Newark,Delaware
Cawdery,Anissa,acawderyb2@usnews.com,79 Old Shore Alley,Jamaica,New York
Merkel,Dynah,dmerkelb3@networksolutions.com,0 Milwaukee Street,Augusta,Georgia
Balazot,Peder,pbalazotb4@live.com,498 Orin Lane,Decatur,Illinois
Eickhoff,Boycie,beickhoffb5@bravesites.com,2 Killdeer Hill,Chattanooga,Tennessee
Evenden,Stern,sevendenb6@icq.com,24824 Nelson Plaza,Albany,New York
Foot,Nestor,nfootb7@dropbox.com,85975 Nelson Way,San Jose,California
Kytter,Gerianna,gkytterb8@telegraph.co.uk,84 Laurel Road,San Diego,California
Rasmus,Andriana,arasmusb9@elpais.com,1864 Dovetail Avenue,Stamford,Connecticut
Tubble,Kaitlin,ktubbleba@dot.gov,84514 Memorial Street,Harrisburg,Pennsylvania
Baudin,Austine,abaudinbb@sohu.com,66 Lunder Road,San Antonio,Texas
Hudghton,Doralia,dhudghtonbc@yolasite.com,91010 Vera Lane,Dallas,Texas
Keetley,Mahmoud,mkeetleybd@washingtonpost.com,0 Havey Circle,Fargo,North Dakota
Scyner,Kordula,kscynerbe@google.co.uk,7 Pennsylvania Court,Roanoke,Virginia
Andres,Yelena,yandresbf@google.ca,20 Heffernan Court,Mobile,Alabama
Donan,Gerty,gdonanbg@webmd.com,2 Southridge Way,Lawrenceville,Georgia
Cote,Inessa,icotebh@slashdot.org,1391 Fulton Trail,Greeley,Colorado
Hamsley,Louisa,lhamsleybi@google.ru,85 Boyd Junction,Carol Stream,Illinois
Markham,Curran,cmarkhambj@nydailynews.com,4 Hagan Road,Atlanta,Georgia
Cordobes,Berry,bcordobesbk@behance.net,45 Anderson Plaza,Madison,Wisconsin
Aubrun,Yevette,yaubrunbl@ibm.com,4977 Northport Hill,Fort Wayne,Indiana
Skedge,Lani,lskedgebm@foxnews.com,3 Morrow Pass,Bradenton,Florida
Baptiste,Gaylord,gbaptistebn@indiegogo.com,5215 Utah Alley,Fort Wayne,Indiana
Swatridge,Ethelbert,eswatridgebo@typepad.com,32 American Ash Lane,Farmington,Michigan
Beden,Teresina,tbedenbp@woothemes.com,68934 Arapahoe Center,Saint Louis,Missouri
Pherps,Andrey,apherpsbq@last.fm,6 Kipling Terrace,Richmond,Virginia
Agney,Mei,magneybr@deliciousdays.com,2 Clyde Gallagher Alley,Richmond,Virginia
Ovey,Alick,aoveybs@arstechnica.com,3729 Spenser Avenue,Denver,Colorado
Covington,Benetta,bcovingtonbt@unc.edu,8 Starling Road,Oklahoma City,Oklahoma
Kennion,Rheba,rkennionbu@tripadvisor.com,2647 Ridge Oak Crossing,Fairbanks,Alaska
Cockshoot,Ralina,rcockshootbv@virginia.edu,308 Reindahl Crossing,New York City,New York
Crispe,Dulcinea,dcrispebw@cyberchimps.com,6558 Mallory Place,Chesapeake,Virginia
Raeside,Torrance,traesidebx@w3.org,572 Porter Crossing,Springfield,Missouri
Acaster,Haily,hacasterby@reverbnation.com,3 Helena Junction,Richmond,Virginia
Filtness,Gibb,gfiltnessbz@miitbeian.gov.cn,090 Erie Pass,Oklahoma City,Oklahoma
Billison,Cristin,cbillisonc0@salon.com,641 Lake View Junction,Saint Petersburg,Florida
Samsonsen,Shurlock,ssamsonsenc1@about.com,6060 Helena Drive,Austin,Texas
Shapcott,Eada,eshapcottc2@google.com.au,1 Westerfield Road,Orlando,Florida
Hosburn,Norina,nhosburnc3@seattletimes.com,6 Bashford Avenue,Birmingham,Alabama
Antonioni,Johny,jantonionic4@europa.eu,400 Messerschmidt Circle,Little Rock,Arkansas
Beekman,Barthel,bbeekmanc5@timesonline.co.uk,3064 Veith Hill,Philadelphia,Pennsylvania
Drioli,Gustave,gdriolic6@freewebs.com,5354 Northwestern Street,Farmington,Michigan
Foli,Salomone,sfolic7@printfriendly.com,21 Laurel Avenue,San Diego,California
Ismail,Guenna,gismailc8@hhs.gov,245 Dwight Crossing,Pensacola,Florida
Moreinu,Syman,smoreinuc9@mediafire.com,2 Butternut Street,Canton,Ohio
Saylor,Boyd,bsaylorca@europa.eu,4 Village Green Road,Portland,Oregon
Cobain,Michelle,mcobaincb@reddit.com,6 Bellgrove Way,Escondido,California
Christophers,Matthiew,mchristopherscc@time.com,34620 Randy Drive,Miami,Florida
Wills,Ruddie,rwillscd@archive.org,75 Village Place,Miami,Florida
Seaman,Rudiger,rseamance@storify.com,99828 Kennedy Lane,San Antonio,Texas
Syrad,Melonie,msyradcf@google.ca,2 Lindbergh Circle,Austin,Texas
Wooles,Jobyna,jwoolescg@macromedia.com,029 Manley Point,Topeka,Kansas
McInteer,Averyl,amcinteerch@gizmodo.com,3 Maple Wood Way,Tucson,Arizona
Warboys,Adriaens,awarboysci@gnu.org,0 Aberg Lane,Anchorage,Alaska
Fransemai,Gualterio,gfransemaicj@shinystat.com,9672 Prairieview Place,Cincinnati,Ohio
Butterworth,Abbe,abutterworthck@clickbank.net,85851 Trailsway Pass,Virginia Beach,Virginia
Oman,Corabella,comancl@indiatimes.com,631 Grayhawk Alley,Fayetteville,North Carolina
Larrington,Foss,flarringtoncm@ucoz.ru,6 Walton Court,Kansas City,Missouri
Thunnercliff,Edgardo,ethunnercliffcn@google.ru,4 Union Road,Sarasota,Florida
Fraanchyonok,Alexi,afraanchyonokco@lycos.com,6375 Sage Way,Burbank,California
Douse,Alfonse,adousecp@walmart.com,34967 Springview Point,Cincinnati,Ohio
Paslow,Jarrid,jpaslowcq@intel.com,61 Sage Road,Reno,Nevada
Forrestor,Pennie,pforrestorcr@noaa.gov,9 Schmedeman Circle,Winston Salem,North Carolina
Waything,Dulcie,dwaythingcs@homestead.com,119 Fulton Drive,Atlanta,Georgia
Viollet,Rennie,rviolletct@oaic.gov.au,2 Kipling Crossing,Boston,Massachusetts
Gleeton,Simonette,sgleetoncu@utexas.edu,2994 Pond Alley,New Orleans,Louisiana
Reinmar,Blythe,breinmarcv@exblog.jp,81365 Killdeer Road,New Brunswick,New Jersey
Grewar,Beale,bgrewarcw@edublogs.org,5055 Laurel Terrace,San Diego,California
Swallwell,Gareth,gswallwellcx@vimeo.com,4977 Pawling Alley,Sacramento,California
Lakenden,Melony,mlakendency@dailymail.co.uk,36742 Saint Paul Way,Newton,Massachusetts
McGrah,Massimo,mmcgrahcz@statcounter.com,33 Hanover Hill,New York City,New York
Juan,Fremont,fjuand0@npr.org,6574 Golf View Crossing,Newport News,Virginia
Veracruysse,Shoshanna,sveracruyssed1@mail.ru,03 Melby Junction,Arlington,Texas
Coogan,Lutero,lcoogand2@yellowbook.com,0206 Pierstorff Avenue,Lansing,Michigan
Luther,Price,plutherd3@columbia.edu,94901 Kim Circle,Louisville,Kentucky
Sprakes,Forest,fsprakesd4@nps.gov,0 Toban Trail,Colorado Springs,Colorado
Antosik,Sherri,santosikd5@instagram.com,90 Kinsman Alley,Humble,Texas
Snoxell,Lazare,lsnoxelld6@washington.edu,99 Maywood Parkway,Denver,Colorado
Zylberdik,Othilia,ozylberdikd7@devhub.com,639 Fairfield Avenue,Durham,North Carolina
Tattam,Dory,dtattamd8@flickr.com,5451 Judy Trail,Sacramento,California
Warlowe,Justin,jwarlowed9@ning.com,09 Michigan Circle,Denver,Colorado
Cloughton,Owen,ocloughtonda@whitehouse.gov,40 Fremont Hill,Cincinnati,Ohio
Lumm,Aurel,alummdb@pen.io,100 School Drive,Sioux Falls,South Dakota
Shama,Rafaellle,rshamadc@networkadvertising.org,384 Pankratz Point,Seattle,Washington
Hewes,Matthiew,mhewesdd@nsw.gov.au,53 Kim Alley,Dallas,Texas
Vardy,Valida,vvardyde@ucsd.edu,1 Shoshone Way,Austin,Texas
Standon,Buck,bstandondf@parallels.com,72 Kropf Alley,Houston,Texas
Hatter,Kandy,khatterdg@vistaprint.com,4187 Debra Court,Erie,Pennsylvania
Murdy,Morna,mmurdydh@ustream.tv,11409 Dayton Circle,Gary,Indiana
Chellenham,Beatrisa,bchellenhamdi@com.com,4 Springs Court,Austin,Texas
Padkin,Corabelle,cpadkindj@sun.com,8 Corben Hill,Missoula,Montana
Macartney,Belicia,bmacartneydk@plala.or.jp,17 Merchant Circle,Erie,Pennsylvania
Ware,Linell,lwaredl@issuu.com,11723 Darwin Park,Pensacola,Florida
Bengle,Hedvige,hbengledm@multiply.com,63043 Veith Place,Maple Plain,Minnesota
Elwell,Garrek,gelwelldn@jigsy.com,207 Jackson Street,Baton Rouge,Louisiana
Hickinbottom,Kissie,khickinbottomdo@kickstarter.com,017 Valley Edge Parkway,Naples,Florida
Hancell,Donetta,dhancelldp@ucsd.edu,0 Bellgrove Hill,Sacramento,California
Pinock,Rockey,rpinockdq@va.gov,83454 Eggendart Trail,Houston,Texas
Rummer,Rusty,rrummerdr@ftc.gov,72 4th Parkway,Austin,Texas
Vero,Cristie,cverods@washington.edu,96845 Hoard Terrace,Washington,District of Columbia
Orpen,Gussie,gorpendt@pinterest.com,98490 Lakewood Gardens Place,Saint Louis,Missouri
Milsap,Daron,dmilsapdu@slate.com,28 Heffernan Road,Manchester,New Hampshire
Nerheny,Francoise,fnerhenydv@reverbnation.com,973 Veith Court,High Point,North Carolina
Borg-Bartolo,Moe,mborgbartolodw@un.org,75 Lakewood Terrace,Saint Paul,Minnesota
Ternouth,Pavla,pternouthdx@webmd.com,3689 5th Plaza,Decatur,Georgia
Featenby,Gerianne,gfeatenbydy@networksolutions.com,3 Prairieview Court,Richmond,California
Waison,Daisy,dwaisondz@walmart.com,569 Novick Avenue,Tulsa,Oklahoma
Whitcomb,Amalie,awhitcombe0@marketwatch.com,31954 Crowley Avenue,Littleton,Colorado
Stearne,Amalee,astearnee1@businessweek.com,04540 Carpenter Point,Monroe,Louisiana
Habbema,Edyth,ehabbemae2@columbia.edu,93 Prairie Rose Pass,Denver,Colorado
McManamon,Davine,dmcmanamone3@nhs.uk,45 Blaine Lane,Denver,Colorado
Lambourn,Marcelia,mlambourne4@free.fr,4 Towne Crossing,Charleston,West Virginia
Knight,Carita,cknighte5@zimbio.com,04 Rowland Plaza,Cincinnati,Ohio
Mileham,Livvyy,lmilehame6@newsvine.com,2 Clove Trail,Huntington,West Virginia
Kees,Aleksandr,akeese7@mtv.com,927 Twin Pines Place,Boise,Idaho
Gillino,Earle,egillinoe8@who.int,81 Blue Bill Park Center,Sioux Falls,South Dakota
Clears,Rikki,rclearse9@cbslocal.com,5 Di Loreto Park,Peoria,Illinois
Skellington,Cazzie,cskellingtonea@ameblo.jp,8 Charing Cross Plaza,Sterling,Virginia
Hudson,Geraldine,ghudsoneb@so-net.ne.jp,951 Utah Drive,Springfield,Massachusetts
Blasetti,Meredithe,mblasettiec@tinypic.com,6 Schlimgen Way,Sarasota,Florida
Greensall,Ethelyn,egreensalled@hao123.com,0001 Westerfield Park,Falls Church,Virginia
Sturmey,Catherine,csturmeyee@columbia.edu,6455 Union Drive,Columbus,Ohio
Brian,Matt,mbrianef@europa.eu,8 1st Crossing,Annapolis,Maryland
Jenckes,Biddie,bjenckeseg@va.gov,51610 Larry Park,Fresno,California
Style,Cobby,cstyleeh@hud.gov,346 Maryland Way,Savannah,Georgia
Bubeer,Cathlene,cbubeerei@elpais.com,075 Saint Paul Hill,Kansas City,Missouri
Mathias,Junia,jmathiasej@weather.com,789 Eastlawn Parkway,Fresno,California
McErlaine,Mireielle,mmcerlaineek@amazon.com,41 Sycamore Center,Houston,Texas
Broxup,Shelba,sbroxupel@t-online.de,8 International Road,Spring Hill,Florida
Joly,Hannis,hjolyem@list-manage.com,3862 Mendota Lane,Corona,California
Handley,Tressa,thandleyen@de.vu,63 Tennessee Drive,Austin,Texas
Plackstone,Kayley,kplackstoneeo@msn.com,879 Dixon Crossing,Clearwater,Florida
Gwilliam,Anthony,agwilliamep@yellowpages.com,54 Melody Lane,Whittier,California
Krout,Paulette,pkrouteq@psu.edu,1 Ridgeview Parkway,Kansas City,Missouri
Schaumann,Ham,hschaumanner@joomla.org,97023 Grover Circle,Austin,Texas
Heale,Aldis,ahealees@epa.gov,47957 Meadow Vale Park,Minneapolis,Minnesota
Badger,Kirsti,kbadgeret@goo.ne.jp,46 Vahlen Alley,Wichita,Kansas
O'Heaney,Maynord,moheaneyeu@chronoengine.com,31 Elka Circle,Tucson,Arizona
Flament,Rinaldo,rflamentev@fda.gov,98 Stang Plaza,Las Vegas,Nevada
Broadbent,Brad,bbroadbentew@google.it,46 Northridge Avenue,Las Vegas,Nevada
Formilli,Karlie,kformilliex@usgs.gov,3 Stang Alley,Austin,Texas
Embleton,Hanan,hembletoney@i2i.jp,9810 Sugar Drive,Las Vegas,Nevada
Whyler,Massimiliano,mwhylerez@storify.com,23348 Waxwing Trail,Baton Rouge,Louisiana
Sowden,Darsey,dsowdenf0@deviantart.com,2546 Manufacturers Hill,Atlanta,Georgia
Weyman,Ciel,cweymanf1@yale.edu,18 Veith Street,Los Angeles,California
Grumell,Currey,cgrumellf2@alexa.com,32091 Monterey Parkway,Houston,Texas
Gavrielli,Onfre,ogavriellif3@sakura.ne.jp,8392 Lakewood Gardens Hill,Port Charlotte,Florida
Pavel,Banky,bpavelf4@cam.ac.uk,84833 Rowland Terrace,Charlotte,North Carolina
Garley,Gretchen,ggarleyf5@auda.org.au,0511 Oak Valley Place,Cincinnati,Ohio
Raymond,Smitty,sraymondf6@t.co,19 Arapahoe Drive,Montgomery,Alabama
Hearst,Lorry,lhearstf7@skyrock.com,921 Schurz Junction,Minneapolis,Minnesota
Hancock,Sibby,shancockf8@vimeo.com,63286 Calypso Hill,Wichita,Kansas
Willment,Ferdy,fwillmentf9@usa.gov,5893 Memorial Center,Kingsport,Tennessee
Kinnard,Denney,dkinnardfa@drupal.org,3815 Ramsey Parkway,Denver,Colorado
Muat,Astra,amuatfb@icq.com,934 Shelley Avenue,Anchorage,Alaska
Fothergill,Garey,gfothergillfc@indiegogo.com,32547 Chive Trail,Hartford,Connecticut
Weeke,Yves,yweekefd@rambler.ru,50 Clemons Place,Detroit,Michigan
Demead,Isa,idemeadfe@alexa.com,722 Hintze Parkway,Richmond,California
Arnaldo,Axe,aarnaldoff@t.co,12 Victoria Point,San Rafael,California
Lavallie,Gage,glavalliefg@jimdo.com,05 Cottonwood Road,Reno,Nevada
Chappelow,Gloriana,gchappelowfh@ucla.edu,2121 Pankratz Way,Birmingham,Alabama
Elmes,Minerva,melmesfi@va.gov,2 Pankratz Lane,Kansas City,Kansas
Haslin,Jenine,jhaslinfj@people.com.cn,99896 Sundown Plaza,Burbank,California
Mooring,Tailor,tmooringfk@storify.com,6445 Summit Street,Saint Paul,Minnesota
Volker,Allsun,avolkerfl@illinois.edu,55 Maple Parkway,Everett,Washington
Cormode,Lindsay,lcormodefm@msn.com,508 Barby Lane,Dallas,Texas
Durdle,Atlanta,adurdlefn@businessinsider.com,29 Dahle Terrace,Washington,District of Columbia
Smouten,Federico,fsmoutenfo@cmu.edu,74645 Kensington Pass,Miami,Florida
Raatz,Maribelle,mraatzfp@loc.gov,2106 Browning Terrace,San Jose,California
Caff,Vania,vcafffq@pinterest.com,14260 Upham Way,Shawnee Mission,Kansas
Ogilvie,Carlynne,cogilviefr@flickr.com,642 Forest Avenue,Des Moines,Iowa
Dahlback,Lian,ldahlbackfs@mapy.cz,6662 Fremont Junction,Trenton,New Jersey
Humphery,Giovanna,ghumpheryft@people.com.cn,6133 Rigney Parkway,Columbus,Ohio
Seers,Alain,aseersfu@jiathis.com,2616 Morning Pass,El Paso,Texas
Paridge,Lauretta,lparidgefv@merriam-webster.com,0 Ridge Oak Point,Naples,Florida
Basilone,Franni,fbasilonefw@chicagotribune.com,28251 Hoard Place,Tempe,Arizona
Clarricoates,Ashly,aclarricoatesfx@time.com,15 Caliangt Street,Virginia Beach,Virginia
Lampen,Wilbur,wlampenfy@icq.com,4 Arrowood Parkway,El Paso,Texas
Beadle,Marten,mbeadlefz@time.com,224 Harper Drive,Cedar Rapids,Iowa
Syfax,Sumner,ssyfaxg0@desdev.cn,058 Florence Road,Flushing,New York
McManus,Jorry,jmcmanusg1@washingtonpost.com,9567 Spenser Point,Jacksonville,Florida
Chrystal,Bibby,bchrystalg2@wikipedia.org,1 Dryden Place,Ogden,Utah
Shrieves,Clive,cshrievesg3@trellian.com,464 Shasta Place,Springfield,Illinois
Salazar,Brit,bsalazarg4@pbs.org,97051 Banding Hill,Pensacola,Florida
Blasing,Marna,mblasingg5@jiathis.com,00172 Blackbird Center,Hattiesburg,Mississippi
Crolla,Maryjo,mcrollag6@sohu.com,23 Bellgrove Junction,Winter Haven,Florida
MacColl,Inigo,imaccollg7@go.com,75422 Rockefeller Lane,Amarillo,Texas
Wooller,Bibbye,bwoollerg8@vimeo.com,64168 New Castle Street,Roanoke,Virginia
Rubens,Gabriel,grubensg9@amazon.co.uk,764 Chive Trail,Amarillo,Texas
Wrench,Ibrahim,iwrenchga@yahoo.co.jp,45491 Sycamore Parkway,Montgomery,Alabama
Keighley,Betteanne,bkeighleygb@example.com,42 Independence Lane,Washington,District of Columbia
Peers,Bailey,bpeersgc@digg.com,6 Butternut Park,Louisville,Kentucky
Cotilard,Krishna,kcotilardgd@altervista.org,4317 Meadow Valley Road,Charlotte,North Carolina
Franciotti,Ethan,efranciottige@cdc.gov,522 Russell Drive,Garden Grove,California
Dyke,Parker,pdykegf@skyrock.com,44 Cody Crossing,Mesa,Arizona
Goricke,Vania,vgorickegg@angelfire.com,84617 Debra Drive,El Paso,Texas
Pipes,Vilma,vpipesgh@tripadvisor.com,65970 Cardinal Way,Pittsburgh,Pennsylvania
Patrickson,Ashlin,apatricksongi@wikia.com,80361 Badeau Street,Philadelphia,Pennsylvania
Ruddock,Ellen,eruddockgj@cpanel.net,587 Starling Park,Fort Myers,Florida
Gitthouse,Nevins,ngitthousegk@berkeley.edu,2717 Grasskamp Center,Washington,District of Columbia
Haydock,Ericka,ehaydockgl@ocn.ne.jp,55 Summer Ridge Alley,Washington,District of Columbia
Caso,Minor,mcasogm@bigcartel.com,1893 Steensland Parkway,Allentown,Pennsylvania
Bastin,Flynn,fbastingn@tripod.com,0758 Arkansas Street,New Orleans,Louisiana
Pichmann,Corny,cpichmanngo@toplist.cz,85 La Follette Avenue,Seattle,Washington
Bottoms,Emelyne,ebottomsgp@samsung.com,155 Marquette Parkway,Los Angeles,California
Bernot,Mab,mbernotgq@narod.ru,1559 Waxwing Hill,Santa Barbara,California
Fligg,Sheeree,sfligggr@wired.com,114 Anniversary Court,El Paso,Texas
Robshaw,Samara,srobshawgs@instagram.com,3 Moland Plaza,Topeka,Kansas
Fetherstan,Sheilah,sfetherstangt@sohu.com,607 Canary Way,Gainesville,Florida
Kropach,Reg,rkropachgu@rakuten.co.jp,28026 Springview Street,High Point,North Carolina
Trammel,Chloris,ctrammelgv@friendfeed.com,143 Morning Plaza,Saint Paul,Minnesota
Blanchard,Dagny,dblanchardgw@intel.com,60 Cody Park,Montgomery,Alabama
Mauditt,Luisa,lmaudittgx@hatena.ne.jp,61 Huxley Hill,Birmingham,Alabama
Newing,Richmond,rnewinggy@springer.com,99 Sunnyside Circle,Houston,Texas
Michele,Avril,amichelegz@bloglovin.com,22673 Katie Junction,Indianapolis,Indiana
Hockell,Hiram,hhockellh0@surveymonkey.com,322 Sunbrook Point,Amarillo,Texas
Redler,Melessa,mredlerh1@mlb.com,423 Cordelia Street,Evansville,Indiana
Rossoni,Hagan,hrossonih2@twitpic.com,2 Emmet Center,Pueblo,Colorado
Sullens,Bret,bsullensh3@bbc.co.uk,6 Ohio Avenue,Elmira,New York
Gatty,Dom,dgattyh4@microsoft.com,6681 Anniversary Drive,Lexington,Kentucky
Bedberry,Jamaal,jbedberryh5@webeden.co.uk,960 Lakeland Pass,El Paso,Texas
Garstan,Leoline,lgarstanh6@wired.com,83704 Anderson Alley,Temple,Texas
Pontain,Arnoldo,apontainh7@wikia.com,83 Ilene Point,Fort Worth,Texas
Benza,Adams,abenzah8@reference.com,839 Marcy Crossing,Gaithersburg,Maryland
Dilrew,Reena,rdilrewh9@acquirethisname.com,7862 Spohn Junction,North Little Rock,Arkansas
Fussell,Maxwell,mfussellha@diigo.com,166 Lake View Alley,Silver Spring,Maryland
Lanchberry,Alexa,alanchberryhb@arizona.edu,349 Macpherson Trail,Largo,Florida
Strognell,Cristine,cstrognellhc@studiopress.com,25 Eagan Place,Cincinnati,Ohio
Gotcliffe,Cicely,cgotcliffehd@thetimes.co.uk,66135 Crownhardt Street,Rochester,New York
Speed,Shara,sspeedhe@miitbeian.gov.cn,436 Old Gate Center,Port Saint Lucie,Florida
Aldcorn,Star,saldcornhf@deviantart.com,5907 Hoffman Way,Young America,Minnesota
Hold,Seline,sholdhg@twitter.com,871 Arapahoe Parkway,Las Vegas,Nevada
Lakey,Chelsy,clakeyhh@salon.com,2138 Declaration Drive,Saint Cloud,Minnesota
Tabb,Andonis,atabbhi@tamu.edu,04 Esker Alley,Albany,New York
Adolf,Yvonne,yadolfhj@dion.ne.jp,6959 Coolidge Parkway,Austin,Texas
Drugan,Max,mdruganhk@prlog.org,579 Starling Pass,Cleveland,Ohio
Wakerley,Oliviero,owakerleyhl@techcrunch.com,6024 Nancy Hill,Canton,Ohio
Chastan,Arvie,achastanhm@hp.com,1082 Delladonna Junction,Everett,Washington
Rapaport,Barney,brapaporthn@istockphoto.com,791 Holmberg Trail,Memphis,Tennessee
Husher,Roxie,rhusherho@cpanel.net,45 Stone Corner Place,Tucson,Arizona
Iacoboni,Fergus,fiacobonihp@paypal.com,63 Continental Drive,Naples,Florida
Botright,Gladi,gbotrighthq@sciencedirect.com,0283 Mccormick Circle,Los Angeles,California
Giraudot,Wallis,wgiraudothr@printfriendly.com,615 Tennyson Point,Erie,Pennsylvania
Hansel,Mora,mhanselhs@examiner.com,184 Golf Course Trail,Lincoln,Nebraska
Cordeix,Ev,ecordeixht@nsw.gov.au,28350 Carpenter Avenue,Baltimore,Maryland
Tidbold,Hugues,htidboldhu@hatena.ne.jp,77494 Lyons Street,Albuquerque,New Mexico
Heinsen,Osborn,oheinsenhv@linkedin.com,04167 Mosinee Court,Bronx,New York
Hasnip,Bibby,bhasniphw@uol.com.br,09 Karstens Circle,Baton Rouge,Louisiana
Cornillot,Mathe,mcornillothx@irs.gov,8163 Lillian Park,Herndon,Virginia
Cockling,Kiah,kcocklinghy@devhub.com,813 Rockefeller Road,Young America,Minnesota
Folkerd,Sarena,sfolkerdhz@sphinn.com,0 Troy Place,Biloxi,Mississippi
Champneys,Elna,echampneysi0@ihg.com,233 Algoma Plaza,El Paso,Texas
McNay,Laureen,lmcnayi1@studiopress.com,860 Eastlawn Parkway,El Paso,Texas
Cantos,Aimee,acantosi2@sun.com,61390 Grasskamp Plaza,Shreveport,Louisiana
Nabarro,Tammy,tnabarroi3@bigcartel.com,93 Washington Place,Louisville,Kentucky
Crookshank,Pearla,pcrookshanki4@163.com,8682 5th Court,Charlotte,North Carolina
Lohan,Emlyn,elohani5@yellowpages.com,12 Hoepker Trail,New Haven,Connecticut
Fellona,Darn,dfellonai6@networksolutions.com,40494 Warner Circle,Grand Rapids,Michigan
McMorran,Tamar,tmcmorrani7@jiathis.com,6 Huxley Alley,Baltimore,Maryland
Stoddard,Jolie,jstoddardi8@usgs.gov,3 Katie Parkway,Springfield,Illinois
Cortin,Darin,dcortini9@squarespace.com,044 Sommers Street,New Orleans,Louisiana
Pendry,Zia,zpendryia@dailymail.co.uk,17029 Prairie Rose Avenue,Wichita Falls,Texas
Diprose,Kenny,kdiproseib@soundcloud.com,85986 Kedzie Alley,Texarkana,Texas
Chorley,Filbert,fchorleyic@goodreads.com,82 Oxford Center,Portsmouth,Virginia
Bedminster,Erminie,ebedminsterid@storify.com,3 Del Sol Street,Glendale,Arizona
Bigly,Wendy,wbiglyie@buzzfeed.com,706 Lighthouse Bay Junction,Pompano Beach,Florida
Grunder,Carmencita,cgrunderif@gov.uk,10887 Charing Cross Lane,Buffalo,New York
Mott,Cletis,cmottig@google.com.hk,1220 Nobel Crossing,Charlotte,North Carolina
Dunlea,Issie,idunleaih@hao123.com,45 Alpine Place,El Paso,Texas
Wombwell,Aldwin,awombwellii@chicagotribune.com,63 Crest Line Street,New York City,New York
Boor,Lloyd,lboorij@gmpg.org,93484 Chive Road,Tampa,Florida
Balharry,Hinze,hbalharryik@xinhuanet.com,9 3rd Court,El Paso,Texas
Madill,Nicolai,nmadillil@webnode.com,979 Reinke Park,Norman,Oklahoma
Cromwell,Collete,ccromwellim@upenn.edu,03 Bonner Center,Buffalo,New York
McBeath,Euphemia,emcbeathin@weather.com,64435 Redwing Junction,Beaumont,Texas
Stittle,Carlin,cstittleio@usa.gov,0 Clarendon Road,Jefferson City,Missouri
Eles,Teena,telesip@columbia.edu,43 Luster Lane,Worcester,Massachusetts
Parry,Layney,lparryiq@storify.com,7 Rutledge Hill,Lexington,Kentucky
Bletsor,Jacky,jbletsorir@feedburner.com,66371 Mcbride Junction,Terre Haute,Indiana
Salt,Allard,asaltis@ted.com,63 Marcy Crossing,Salt Lake City,Utah
Larmet,Elka,elarmetit@ezinearticles.com,4 Mallory Pass,Fort Pierce,Florida
Hardisty,Jasmine,jhardistyiu@example.com,383 Veith Avenue,Denver,Colorado
Blanchet,Cesare,cblanchetiv@hc360.com,748 Spohn Trail,Saint Paul,Minnesota
Dolman,Charin,cdolmaniw@tuttocitta.it,88424 Bowman Center,Fort Wayne,Indiana
Keyse,Felice,fkeyseix@irs.gov,11 Southridge Drive,San Francisco,California
Copper,Morganne,mcopperiy@g.co,3 Porter Plaza,Oceanside,California
Conyer,Lanni,lconyeriz@psu.edu,1 Mesta Trail,Nashville,Tennessee
Bearne,Misti,mbearnej0@ca.gov,88 Brickson Park Alley,Youngstown,Ohio
Brittles,Jada,jbrittlesj1@yelp.com,01 Garrison Center,Newton,Massachusetts
Tweedlie,Cristin,ctweedliej2@oakley.com,44 John Wall Alley,Modesto,California
Ramshay,Janka,jramshayj3@chron.com,8 Manitowish Way,Roanoke,Virginia
Carbine,Gale,gcarbinej4@scientificamerican.com,67663 Hoepker Avenue,Hamilton,Ohio
Jacquemy,Bourke,bjacquemyj5@yelp.com,93 Lake View Trail,Pompano Beach,Florida
Crenshaw,Roberta,rcrenshawj6@facebook.com,7 Barnett Avenue,Lakeland,Florida
Sherlaw,Christoforo,csherlawj7@gizmodo.com,37064 Vahlen Hill,Columbus,Ohio
Dayment,Archaimbaud,adaymentj8@constantcontact.com,0 Shopko Parkway,Fort Myers,Florida
Euston,Cherilynn,ceustonj9@gravatar.com,6620 Cherokee Circle,Worcester,Massachusetts
Hampson,Lisetta,lhampsonja@ucoz.ru,30216 Manufacturers Plaza,New Bedford,Massachusetts
Gartenfeld,Horatio,hgartenfeldjb@biblegateway.com,3 Mesta Hill,Provo,Utah
Brandacci,Leo,lbrandaccijc@timesonline.co.uk,857 Arapahoe Avenue,Akron,Ohio
Benasik,Ashien,abenasikjd@tinyurl.com,0 Prairie Rose Trail,Chico,California
Aubert,Ody,oaubertje@wikipedia.org,217 Derek Terrace,Las Vegas,Nevada
Shulver,Ruprecht,rshulverjf@indiatimes.com,244 Harper Street,Topeka,Kansas
Mummery,Tallulah,tmummeryjg@kickstarter.com,49241 Sachtjen Terrace,Austin,Texas
Freebury,Angeli,afreeburyjh@usatoday.com,12200 Lukken Crossing,Washington,District of Columbia
McLoney,Lurette,lmcloneyji@springer.com,76 Kim Street,Hartford,Connecticut
Elgee,Dedie,delgeejj@squarespace.com,29946 Wayridge Lane,Boca Raton,Florida
Durno,Reade,rdurnojk@google.pl,2663 Meadow Valley Pass,Olympia,Washington
Learmonth,Levin,llearmonthjl@statcounter.com,556 Ilene Point,Atlanta,Georgia
Sirl,Rozanne,rsirljm@tripadvisor.com,3 Loftsgordon Point,Montgomery,Alabama
Comettoi,Flori,fcomettoijn@photobucket.com,8 Longview Drive,Tucson,Arizona
Borg-Bartolo,Ivory,iborgbartolojo@google.co.jp,62774 Fairfield Court,Peoria,Illinois
Tree,Charin,ctreejp@merriam-webster.com,1 Dakota Terrace,Huntsville,Alabama
Camies,Elroy,ecamiesjq@tinyurl.com,69755 International Junction,Albuquerque,New Mexico
Lie,Heinrik,hliejr@businessinsider.com,3 Buhler Lane,Odessa,Texas
Russilll,Robbi,rrussillljs@hostgator.com,71 Talmadge Circle,Colorado Springs,Colorado
McGarrity,Nelson,nmcgarrityjt@unc.edu,9231 Stuart Way,Clearwater,Florida
Tugman,Layney,ltugmanju@va.gov,8 Meadow Valley Pass,Charleston,West Virginia
Heatlie,Genevieve,gheatliejv@bloglines.com,68435 Messerschmidt Avenue,Jacksonville,Florida
Castagnone,Vicki,vcastagnonejw@google.co.jp,7 Towne Street,Houston,Texas
Plaistowe,Chaddy,cplaistowejx@answers.com,4 Merrick Point,Newport Beach,California
Birtwhistle,Salmon,sbirtwhistlejy@biblegateway.com,289 Fremont Place,Tacoma,Washington
Tildesley,Levon,ltildesleyjz@tinypic.com,91121 Surrey Drive,Jamaica,New York
Bengtsson,El,ebengtssonk0@bigcartel.com,161 Elka Junction,Washington,District of Columbia
Reside,Elvera,eresidek1@arstechnica.com,75 Farmco Crossing,Fresno,California
Baitson,Nealy,nbaitsonk2@home.pl,1916 Myrtle Terrace,Greensboro,North Carolina
Etuck,Cort,cetuckk3@tripod.com,905 South Crossing,Omaha,Nebraska
Packham,Jase,jpackhamk4@netscape.com,3756 Fremont Junction,Erie,Pennsylvania
Malzard,Joy,jmalzardk5@pbs.org,7362 Spaight Park,Newark,Delaware
Barbara,Cly,cbarbarak6@marriott.com,83957 Fieldstone Center,Miami,Florida
Brierton,Barb,bbriertonk7@bloglovin.com,2 Melrose Street,Lawrenceville,Georgia
Steadman,Claudianus,csteadmank8@bloglines.com,819 Caliangt Terrace,Stockton,California
Jobe,Ailyn,ajobek9@ca.gov,5440 Lakewood Place,Santa Clara,California
Pallin,Ernesto,epallinka@edublogs.org,8 Blaine Drive,Pittsburgh,Pennsylvania
Pilger,Terri,tpilgerkb@phoca.cz,32264 Ilene Lane,Honolulu,Hawaii
Deviney,Syd,sdevineykc@adobe.com,57 Namekagon Crossing,Oklahoma City,Oklahoma
Marritt,Steffen,smarrittkd@facebook.com,3 Green Pass,Newark,New Jersey
Slimings,Skylar,sslimingske@cnet.com,9104 Cordelia Parkway,Kansas City,Missouri
Verralls,Winfield,wverrallskf@etsy.com,9182 Westerfield Park,Brooklyn,New York
Antoni,Florrie,fantonikg@shinystat.com,44646 Farmco Terrace,Murfreesboro,Tennessee
Daft,Bil,bdaftkh@goo.ne.jp,9878 Anniversary Crossing,Sacramento,California
Alldritt,Griffie,galldrittki@elpais.com,81 Eggendart Hill,Raleigh,North Carolina
Van der Merwe,Estelle,evandermerwekj@europa.eu,90116 Pankratz Parkway,Saint Paul,Minnesota
Gosselin,Michele,mgosselinkk@hc360.com,857 Daystar Crossing,Seattle,Washington
Steele,Lorrayne,lsteelekl@canalblog.com,073 Veith Place,Fort Lauderdale,Florida
MacCleod,Ephrem,emaccleodkm@printfriendly.com,20797 Pennsylvania Center,Phoenix,Arizona
Portress,Ulric,uportresskn@liveinternet.ru,7 Northport Alley,Indianapolis,Indiana
Renouf,Martino,mrenoufko@sciencedirect.com,410 Blue Bill Park Plaza,Colorado Springs,Colorado
Castiglio,Ariana,acastigliokp@imageshack.us,321 2nd Drive,Newport Beach,California
O'Carran,Way,wocarrankq@wunderground.com,9958 Killdeer Hill,Fort Worth,Texas
Turn,Gabi,gturnkr@washington.edu,21824 Lunder Center,Sacramento,California
A'field,Ritchie,rafieldks@google.pl,92 Oriole Parkway,Fredericksburg,Virginia
Lars,Alano,alarskt@cocolog-nifty.com,93 Sutteridge Hill,El Paso,Texas
Peare,Brade,bpeareku@irs.gov,44841 Golden Leaf Parkway,Shawnee Mission,Kansas
Sebley,Ced,csebleykv@google.cn,07 Northland Point,Pueblo,Colorado
Brettelle,Julius,jbrettellekw@homestead.com,67188 Cardinal Lane,San Antonio,Texas
Rosborough,Ford,frosboroughkx@newsvine.com,077 Sutteridge Drive,El Paso,Texas
Skerratt,Zebulon,zskerrattky@slate.com,11 4th Crossing,Richmond,Virginia
Castanone,Hedvige,hcastanonekz@abc.net.au,61967 Onsgard Trail,Virginia Beach,Virginia
Pietzner,Olimpia,opietznerl0@prnewswire.com,84100 Sunfield Drive,Humble,Texas
Camellini,Velvet,vcamellinil1@sourceforge.net,449 7th Circle,Pueblo,Colorado
Camerati,Franklin,fcameratil2@macromedia.com,02 Scott Way,San Jose,California
Gorhardt,Ruperta,rgorhardtl3@sciencedaily.com,4 Starling Point,Tacoma,Washington
Chatelot,Cammie,cchatelotl4@marriott.com,34918 Stang Park,Oklahoma City,Oklahoma
McNeil,Phyllida,pmcneill5@meetup.com,2 Dawn Park,Richmond,Virginia
Hedan,Norbie,nhedanl6@disqus.com,89 Loeprich Court,Albany,New York
Mandre,Garret,gmandrel7@netscape.com,46 Westport Way,Paterson,New Jersey
Reddick,Corty,creddickl8@baidu.com,3759 Ryan Park,Orlando,Florida
Swapp,Luz,lswappl9@wsj.com,69354 Dapin Junction,San Luis Obispo,California
Schimmang,Linet,lschimmangla@home.pl,600 Jana Road,Washington,District of Columbia
Cutler,Daphne,dcutlerlb@zdnet.com,182 Laurel Road,Albuquerque,New Mexico
Spracklin,Charlotte,cspracklinlc@unblog.fr,87720 Clemons Drive,Maple Plain,Minnesota
Breadmore,Doll,dbreadmoreld@tripadvisor.com,09 Pond Parkway,Washington,District of Columbia
Leadston,Shaine,sleadstonle@twitpic.com,814 Sundown Court,Tacoma,Washington
Alwood,Locke,lalwoodlf@bluehost.com,8 Cottonwood Plaza,Amarillo,Texas
Headingham,Odie,oheadinghamlg@dailymotion.com,5 Del Mar Street,El Paso,Texas
Worsnap,Idalina,iworsnaplh@yellowpages.com,71 Bartelt Center,Trenton,New Jersey
Izkovitch,Germaine,gizkovitchli@reuters.com,71324 Meadow Vale Way,Youngstown,Ohio
Gooden,Harald,hgoodenlj@washingtonpost.com,4 Prentice Alley,Minneapolis,Minnesota
Hearmon,Clemmy,chearmonlk@ox.ac.uk,56465 Heath Court,Albany,New York
Lloyd,Sunny,slloydll@xing.com,258 Kedzie Trail,Richmond,Virginia
Gooden,Avictor,agoodenlm@nbcnews.com,57982 Longview Way,Jamaica,New York
Giovannardi,Yvon,ygiovannardiln@gizmodo.com,0888 Sherman Pass,Monroe,Louisiana
Horlick,Yorgos,yhorlicklo@amazon.co.jp,66325 Burrows Crossing,Stockton,California
Aslen,Monti,maslenlp@businesswire.com,98954 Manitowish Pass,Atlanta,Georgia
Divers,Caddric,cdiverslq@nbcnews.com,662 Kropf Center,Phoenix,Arizona
Upsale,Berk,bupsalelr@purevolume.com,2 Manitowish Park,Homestead,Florida
Laherty,Alfredo,alahertyls@deliciousdays.com,306 1st Plaza,Charleston,West Virginia
Yanez,Agata,ayanezlt@hexun.com,11 Novick Drive,Tampa,Florida
Breed,Lew,lbreedlu@springer.com,4 Kipling Trail,College Station,Texas
Adelberg,Jerrilyn,jadelberglv@cdc.gov,43527 4th Road,Houston,Texas
Coper,Pris,pcoperlw@wikispaces.com,9 Buhler Terrace,Waco,Texas
Habben,Dominick,dhabbenlx@ow.ly,81 Butterfield Point,Fredericksburg,Virginia
Venning,Lin,lvenningly@google.com.au,5662 Arrowood Place,New York City,New York
Katte,Afton,akattelz@seesaa.net,965 Duke Point,Warren,Michigan
Keyworth,Tamarah,tkeyworthm0@seattletimes.com,29807 Springs Place,Macon,Georgia
Ings,Mayor,mingsm1@hostgator.com,4 Di Loreto Avenue,San Antonio,Texas
Bergeon,Ester,ebergeonm2@blog.com,7695 Kim Center,Toledo,Ohio
Hark,Suellen,sharkm3@epa.gov,93 Lerdahl Trail,Tucson,Arizona
Bogeys,Merna,mbogeysm4@hibu.com,8704 Granby Place,San Diego,California
Coldbathe,Connie,ccoldbathem5@unicef.org,46 Blackbird Road,Birmingham,Alabama
Edgeler,D'arcy,dedgelerm6@apple.com,90273 Ridge Oak Lane,Saint Louis,Missouri
Kilborn,Judi,jkilbornm7@tiny.cc,080 Golf Avenue,North Hollywood,California
Pellamont,Nefen,npellamontm8@sourceforge.net,56 Mcguire Center,Houston,Texas
Severs,Walt,wseversm9@pcworld.com,01001 Dunning Road,Washington,District of Columbia
Windas,Dalston,dwindasma@fotki.com,55 South Drive,Wilmington,Delaware
Tooze,Edward,etoozemb@globo.com,821 Rutledge Park,Jacksonville,Florida
Barens,Zonnya,zbarensmc@hhs.gov,4545 Pearson Street,Levittown,Pennsylvania
Balharrie,Goldia,gbalharriemd@example.com,23 Dexter Terrace,Baton Rouge,Louisiana
Standidge,Kiersten,kstandidgeme@cnet.com,9566 Maryland Place,Seattle,Washington
Tomeo,Oby,otomeomf@ihg.com,3 Butternut Junction,Reston,Virginia
Sisselot,Vilma,vsisselotmg@amazon.co.jp,8488 Mallard Lane,Birmingham,Alabama
Asch,Ann-marie,aaschmh@amazonaws.com,463 Fieldstone Trail,San Diego,California
Burgess,Rodge,rburgessmi@economist.com,4439 Lotheville Park,Minneapolis,Minnesota
Revan,Angel,arevanmj@ow.ly,4573 Dakota Hill,Corpus Christi,Texas
McHarry,Ambrosio,amcharrymk@springer.com,365 Linden Parkway,Kansas City,Missouri
Corteis,Adina,acorteisml@sourceforge.net,09814 Graedel Crossing,Anchorage,Alaska
McArd,Thomasine,tmcardmm@cam.ac.uk,66688 Merrick Trail,Minneapolis,Minnesota
Arangy,Rhianon,rarangymn@sourceforge.net,26472 Talisman Circle,Baton Rouge,Louisiana
Strood,Sherilyn,sstroodmo@msn.com,219 Dawn Center,New Hyde Park,New York
Hunnywell,Dorree,dhunnywellmp@home.pl,2613 Manley Parkway,Dayton,Ohio
Larrett,Urbanus,ularrettmq@flavors.me,204 Steensland Parkway,London,Kentucky
Huglin,Lacey,lhuglinmr@gnu.org,4 Delladonna Terrace,Pompano Beach,Florida
Bittlestone,Agretha,abittlestonems@sfgate.com,30 Luster Pass,Washington,District of Columbia
Leggin,Sven,slegginmt@usa.gov,7 Tomscot Circle,Charleston,South Carolina
McKibben,Nettie,nmckibbenmu@nyu.edu,431 Grayhawk Pass,Albany,New York
Lade,Rebeka,rlademv@techcrunch.com,57904 American Ash Place,Oklahoma City,Oklahoma
Stapells,Tammie,tstapellsmw@digg.com,812 Clove Way,Washington,District of Columbia
Aubert,Yard,yaubertmx@wordpress.org,297 Redwing Street,Bronx,New York
Cotelard,Nerissa,ncotelardmy@networkadvertising.org,02 Glacier Hill Circle,Jersey City,New Jersey
Trenbey,Raquela,rtrenbeymz@amazon.co.jp,9850 Monument Lane,Philadelphia,Pennsylvania
O'Keaveny,Gideon,gokeavenyn0@storify.com,6014 Becker Way,Chicago,Illinois
Firbanks,Wolf,wfirbanksn1@weather.com,4746 Florence Circle,Portland,Oregon
McCuis,Gerick,gmccuisn2@sciencedirect.com,394 Katie Avenue,Sarasota,Florida
Pridgeon,Hodge,hpridgeonn3@dedecms.com,3068 Carioca Court,Champaign,Illinois
Wisher,Elonore,ewishern4@guardian.co.uk,189 Goodland Circle,Virginia Beach,Virginia
Hadaway,Netti,nhadawayn5@a8.net,56731 Acker Park,Louisville,Kentucky
Raimbauld,Robinette,rraimbauldn6@gnu.org,9 Stone Corner Hill,Peoria,Illinois
Candlin,Sterling,scandlinn7@springer.com,853 Fuller Court,Seattle,Washington
Shemilt,Jillane,jshemiltn8@house.gov,1 Northland Trail,Philadelphia,Pennsylvania
Romand,Olympia,oromandn9@skype.com,931 Bluestem Pass,Stockton,California
Brickett,Carlee,cbrickettna@ft.com,282 Cordelia Center,Los Angeles,California
Chevolleau,Ximenez,xchevolleaunb@samsung.com,4441 Susan Point,Indianapolis,Indiana
Rawstron,Tove,trawstronnc@japanpost.jp,746 Ramsey Junction,San Antonio,Texas
Touret,Jeni,jtouretnd@fotki.com,3 Norway Maple Alley,Bronx,New York
Dolman,Valentijn,vdolmanne@surveymonkey.com,8 Warner Way,Richmond,Virginia
Gouge,Karissa,kgougenf@engadget.com,10189 Vera Pass,El Paso,Texas
Stag,Carlie,cstagng@123-reg.co.uk,79391 Autumn Leaf Trail,Houston,Texas
Mayze,Hillie,hmayzenh@xinhuanet.com,2837 Charing Cross Parkway,Shreveport,Louisiana
Blackhurst,Timmy,tblackhurstni@imdb.com,4490 Arizona Place,Peoria,Illinois
Willicott,Amye,awillicottnj@geocities.com,89598 Gulseth Circle,Omaha,Nebraska
Keyme,Hoebart,hkeymenk@theguardian.com,598 Springview Parkway,Baton Rouge,Louisiana
Loomis,Neysa,nloomisnl@surveymonkey.com,798 Fremont Pass,Van Nuys,California
Hannibal,Cristionna,channibalnm@meetup.com,96937 Scofield Trail,Silver Spring,Maryland
Ruse,Tasia,trusenn@yolasite.com,84079 Ohio Terrace,Palatine,Illinois
Penna,Holt,hpennano@google.ru,684 Ohio Way,Washington,District of Columbia
Heilds,Mavra,mheildsnp@mozilla.com,72 Farragut Way,Greenville,South Carolina
MacNally,Ansel,amacnallynq@timesonline.co.uk,72481 Mitchell Terrace,San Jose,California
Dorning,Marian,mdorningnr@cmu.edu,95262 Hayes Terrace,New York City,New York
Blundell,Aaron,ablundellns@reference.com,1232 Burrows Avenue,Columbia,Missouri
Philipeaux,Karleen,kphilipeauxnt@goo.ne.jp,06 Monica Park,Richmond,Virginia
Moorman,Kat,kmoormannu@yellowbook.com,827 Surrey Lane,Little Rock,Arkansas
L'Archer,Jackie,jlarchernv@economist.com,4737 Northridge Point,Madison,Wisconsin
Scutchings,Donetta,dscutchingsnw@e-recht24.de,40 Rusk Hill,Miami,Florida
Kedslie,Estele,ekedslienx@ask.com,3 Summerview Junction,Marietta,Georgia
Flaubert,Rebeca,rflaubertny@alibaba.com,686 Bayside Junction,Charlotte,North Carolina
Casley,Silvano,scasleynz@foxnews.com,48 Macpherson Crossing,Columbus,Ohio
Caven,Tremayne,tcaveno0@mac.com,39350 Butterfield Place,Knoxville,Tennessee
Grandison,Ingunna,igrandisono1@sciencedirect.com,33923 Towne Circle,New Bedford,Massachusetts
Giller,Shayla,sgillero2@icio.us,178 Acker Place,Bridgeport,Connecticut
McCarle,Patty,pmccarleo3@marriott.com,8189 Shopko Plaza,Durham,North Carolina
Albion,Mal,malbiono4@marketwatch.com,558 Forster Hill,Chicago,Illinois
Parysiak,Eadith,eparysiako5@goodreads.com,97858 Tennessee Trail,Johnson City,Tennessee
Whittenbury,Adara,awhittenburyo6@nba.com,9015 Namekagon Crossing,Houston,Texas
Pursglove,Suzi,spursgloveo7@state.tx.us,068 Fieldstone Pass,Fredericksburg,Virginia
Bolduc,Colin,cbolduco8@nba.com,454 Continental Place,Richmond,Virginia
Lambillion,Elvyn,elambilliono9@ucoz.com,1545 Cherokee Center,Washington,District of Columbia
Bugler,Patric,pbugleroa@amazon.com,1178 Riverside Trail,Springfield,Missouri
Gaunt,Barny,bgauntob@engadget.com,9066 Troy Place,Kansas City,Missouri
Townsend,Brnaby,btownsendoc@barnesandnoble.com,51501 Summerview Point,Memphis,Tennessee
Parsley,Link,lparsleyod@weibo.com,16 Northridge Junction,Cincinnati,Ohio
Crandon,Yank,ycrandonoe@linkedin.com,0 Manley Drive,Tucson,Arizona
Spincks,Beverly,bspincksof@guardian.co.uk,10 Swallow Hill,Fairfax,Virginia
Nickolls,Jodie,jnickollsog@arstechnica.com,158 6th Street,Dayton,Ohio
De la Barre,Pegeen,pdelabarreoh@samsung.com,539 Hintze Court,Salt Lake City,Utah
Dewis,Carling,cdewisoi@ibm.com,9899 Mallory Road,Washington,District of Columbia
Eliasson,Galven,geliassonoj@topsy.com,1162 Holmberg Place,Miami,Florida
Wapples,Robinetta,rwapplesok@sogou.com,5808 Daystar Place,Omaha,Nebraska
Gomby,Brinn,bgombyol@netscape.com,5111 Lindbergh Crossing,Athens,Georgia
Toye,Luis,ltoyeom@ning.com,58 Mcbride Drive,Atlanta,Georgia
Dyas,Darius,ddyason@myspace.com,3 Trailsway Crossing,Milwaukee,Wisconsin
Dymond,Dorice,ddymondoo@fema.gov,58 Shelley Road,Vero Beach,Florida
Noyce,Mechelle,mnoyceop@mysql.com,7239 Stephen Junction,Dallas,Texas
Smithyman,Mikol,msmithymanoq@tuttocitta.it,5 Mosinee Terrace,Salt Lake City,Utah
Rosenbush,Delbert,drosenbushor@wp.com,56853 Montana Park,Seattle,Washington
Patington,Bertha,bpatingtonos@com.com,9688 Victoria Lane,Mount Vernon,New York
McGloin,Joanna,jmcgloinot@army.mil,90849 Moose Park,Charlotte,North Carolina
Benardette,Renell,rbenardetteou@ted.com,07843 Hintze Center,New York City,New York
Occleshaw,Lilyan,loccleshawov@webmd.com,2051 Pierstorff Avenue,Nashville,Tennessee
Ghilardi,Melodie,mghilardiow@is.gd,2 Aberg Terrace,Glendale,California
Houseley,Cairistiona,chouseleyox@about.me,99 4th Circle,Berkeley,California
Overell,Elora,eoverelloy@prnewswire.com,7 Shoshone Plaza,Palo Alto,California
Sawyers,Jillene,jsawyersoz@house.gov,9311 Blaine Terrace,Virginia Beach,Virginia
Rosenqvist,Mark,mrosenqvistp0@webnode.com,47812 Miller Hill,Schenectady,New York
Terron,Shannan,sterronp1@theguardian.com,0 Anthes Terrace,Spartanburg,South Carolina
MacUchadair,Ogdon,omacuchadairp2@mit.edu,7 Fisk Street,Providence,Rhode Island
Raulstone,Nichole,nraulstonep3@addtoany.com,26317 Fairview Pass,Lansing,Michigan
Inett,Janel,jinettp4@cisco.com,9 Petterle Trail,Columbia,Missouri
Barkus,Tracey,tbarkusp5@nyu.edu,2 Nevada Court,Huntsville,Alabama
Momford,Patten,pmomfordp6@sun.com,292 Old Gate Pass,Gary,Indiana
Cracoe,Germana,gcracoep7@hud.gov,8 Maple Junction,San Jose,California
Grief,Jasmin,jgriefp8@free.fr,4 Village Green Terrace,Cheyenne,Wyoming
Hulburt,Ariadne,ahulburtp9@google.fr,53 Bartillon Place,Wilmington,Delaware
Girtin,Junia,jgirtinpa@sphinn.com,67379 Crescent Oaks Avenue,Evansville,Indiana
Frick,Gale,gfrickpb@freewebs.com,33617 Ludington Junction,Lancaster,Pennsylvania
Rainger,Kaine,kraingerpc@goo.ne.jp,5286 Vahlen Pass,Marietta,Georgia
Deegan,Ted,tdeeganpd@sitemeter.com,62910 Colorado Point,Atlanta,Georgia
Samuel,Jasmine,jsamuelpe@vkontakte.ru,2445 Michigan Center,Chicago,Illinois
Rape,Mariejeanne,mrapepf@sciencedaily.com,52 Stone Corner Circle,Schenectady,New York
Beale,Delphinia,dbealepg@wp.com,48672 Columbus Avenue,Corpus Christi,Texas
Hadlee,Silas,shadleeph@trellian.com,45213 Texas Place,Louisville,Kentucky
Daventry,Gaylor,gdaventrypi@blinklist.com,0144 Parkside Pass,Olympia,Washington
Samwyse,Carolann,csamwysepj@dyndns.org,8157 Buell Pass,Denver,Colorado
Gurg,Thedric,tgurgpk@redcross.org,5 Hintze Street,San Diego,California
Goosey,Tomlin,tgooseypl@rediff.com,83905 Cardinal Center,Edmond,Oklahoma
Acarson,Marney,macarsonpm@nasa.gov,21 Hanover Center,Schenectady,New York
Muckley,Dorthea,dmuckleypn@cbslocal.com,6139 Drewry Avenue,Oklahoma City,Oklahoma
Pash,Melosa,mpashpo@buzzfeed.com,6 Continental Park,Atlanta,Georgia
Reilingen,Carey,creilingenpp@pinterest.com,58913 Clemons Center,Philadelphia,Pennsylvania
Belden,Cristobal,cbeldenpq@go.com,0296 Kipling Pass,Dallas,Texas
Kinnach,Sher,skinnachpr@alibaba.com,95 Dakota Hill,Elmira,New York
Miebes,Robinia,rmiebesps@1und1.de,62 Talisman Trail,Bloomington,Indiana
Blunt,Gale,gbluntpt@amazonaws.com,0052 Starling Hill,Corona,California
Brake,Tyler,tbrakepu@mediafire.com,447 Upham Place,El Paso,Texas
Beeson,Leticia,lbeesonpv@com.com,11 Fairview Pass,Chicago,Illinois
Jestico,Gustav,gjesticopw@mail.ru,4 Marquette Alley,Memphis,Tennessee
Halfacree,Ingaberg,ihalfacreepx@fda.gov,86370 Shasta Plaza,Wilmington,Delaware
Gamlin,Kaylyn,kgamlinpy@github.com,74 Pankratz Park,San Antonio,Texas
Terron,Keeley,kterronpz@webeden.co.uk,95 Barby Place,Wichita,Kansas
Ambrozik,Creighton,cambrozikq0@clickbank.net,8481 Sutherland Point,Sparks,Nevada
MacCleay,Fanny,fmaccleayq1@globo.com,24 Ramsey Alley,Orlando,Florida
McMylor,Donelle,dmcmylorq2@theatlantic.com,404 Independence Hill,Colorado Springs,Colorado
Stabler,Elia,establerq3@sogou.com,896 Almo Point,Columbus,Ohio
Krolik,Agace,akrolikq4@miibeian.gov.cn,22 Paget Hill,Canton,Ohio
Phillpotts,Roland,rphillpottsq5@illinois.edu,9 School Point,Orlando,Florida
Rantoul,Marleen,mrantoulq6@hugedomains.com,35 Mitchell Pass,Evanston,Illinois
Gellier,Sander,sgellierq7@dell.com,3361 Glacier Hill Plaza,Houston,Texas
Caps,Silvia,scapsq8@google.com.hk,84066 Fairfield Lane,Fresno,California
Lammiman,Horace,hlammimanq9@newyorker.com,94 Park Meadow Junction,Denver,Colorado
Rickman,Peadar,prickmanqa@usda.gov,1639 Scofield Place,Washington,District of Columbia
Miskin,Muffin,mmiskinqb@va.gov,071 Homewood Trail,Flushing,New York
Treweke,Welch,wtrewekeqc@illinois.edu,07057 Menomonie Place,Wichita,Kansas
Piegrome,Haley,hpiegromeqd@dropbox.com,844 Hudson Avenue,Jamaica,New York
Molder,Kayne,kmolderqe@smugmug.com,59641 Schurz Pass,New York City,New York
Dunderdale,Katusha,kdunderdaleqf@bloomberg.com,55 Sunnyside Park,Canton,Ohio
Epsly,Meade,mepslyqg@printfriendly.com,11 Nova Way,Washington,District of Columbia
Guerola,Minni,mguerolaqh@xrea.com,666 Lukken Place,Irvine,California
Hens,Karoline,khensqi@bluehost.com,975 Sutherland Lane,Las Vegas,Nevada
Parcell,Casey,cparcellqj@blogs.com,9 Buena Vista Road,Reno,Nevada
Gabala,Kellina,kgabalaqk@skype.com,2750 New Castle Trail,Sparks,Nevada
McGilvary,Fons,fmcgilvaryql@guardian.co.uk,14371 Colorado Terrace,Jamaica,New York
Hannum,Jayne,jhannumqm@fema.gov,4609 Iowa Hill,Alexandria,Virginia
Afonso,Fernandina,fafonsoqn@wikia.com,88 Sundown Parkway,Washington,District of Columbia
Bloxam,Lucila,lbloxamqo@csmonitor.com,1242 Warbler Way,Madison,Wisconsin
Chastelain,Bernadene,bchastelainqp@blogtalkradio.com,7 Tennessee Avenue,Champaign,Illinois
Pembry,Noni,npembryqq@vinaora.com,4299 Brentwood Park,Washington,District of Columbia
Schrei,Obadiah,oschreiqr@earthlink.net,9746 Westend Lane,Cleveland,Ohio
Antoniutti,Valene,vantoniuttiqs@imageshack.us,3412 Birchwood Place,Birmingham,Alabama
Tiltman,Bambi,btiltmanqt@soup.io,2971 Mccormick Alley,Spokane,Washington
Falloon,Mamie,mfalloonqu@amazonaws.com,285 Sachtjen Place,Philadelphia,Pennsylvania
Haig,Karel,khaigqv@dedecms.com,4125 Oak Valley Crossing,Anchorage,Alaska
Sinderson,Andromache,asindersonqw@columbia.edu,7286 Waxwing Junction,Memphis,Tennessee
McCorkell,Dal,dmccorkellqx@census.gov,99699 Express Plaza,Mc Keesport,Pennsylvania
Tyce,Idaline,ityceqy@networksolutions.com,1518 Towne Crossing,Saint Petersburg,Florida
Warboys,Dani,dwarboysqz@pcworld.com,69 Sycamore Center,Moreno Valley,California
Jurkiewicz,Gianni,gjurkiewiczr0@wordpress.com,1166 Forster Avenue,Omaha,Nebraska
Egginson,Daile,degginsonr1@japanpost.jp,123 Parkside Street,Apache Junction,Arizona
Kennelly,Luz,lkennellyr2@blog.com,85 Butterfield Crossing,Lakeland,Florida
Veregan,Cloe,cvereganr3@reddit.com,0 Talmadge Road,Albuquerque,New Mexico
Skerrett,Ruggiero,rskerrettr4@jugem.jp,741 Debs Crossing,Nashville,Tennessee
Selland,Fionna,fsellandr5@marketwatch.com,2 Harper Alley,Worcester,Massachusetts
Godly,Forrester,fgodlyr6@whitehouse.gov,35 Lukken Avenue,Salt Lake City,Utah
Dupree,Frans,fdupreer7@nasa.gov,07846 Northwestern Terrace,Ocala,Florida
Steuhlmeyer,Arleyne,asteuhlmeyerr8@springer.com,04 Mockingbird Plaza,Northridge,California
Ryman,Kay,krymanr9@discuz.net,77 Dunning Place,New Orleans,Louisiana
McPhilemy,Ben,bmcphilemyra@xrea.com,86 Shelley Way,Cumming,Georgia
Pleuman,Milicent,mpleumanrb@usgs.gov,87188 Cardinal Way,Charlotte,North Carolina
Faux,Chico,cfauxrc@addthis.com,04 Oneill Center,Waco,Texas
Dibden,Anya,adibdenrd@technorati.com,10575 Onsgard Junction,Tulsa,Oklahoma
Bugdale,Angel,abugdalere@last.fm,00538 Huxley Junction,Los Angeles,California
Alyonov,Ginni,galyonovrf@typepad.com,11280 Anhalt Lane,Corona,California
Shafto,Filide,fshaftorg@army.mil,54469 Sherman Alley,Pittsburgh,Pennsylvania
Spellacey,Cory,cspellaceyrh@g.co,2070 Esker Drive,Richmond,Virginia
Osmar,Ardyce,aosmarri@alibaba.com,606 Tony Avenue,Omaha,Nebraska
Mardall,Florri,fmardallrj@bloglines.com,30 Blue Bill Park Trail,El Paso,Texas
Feldharker,Gussie,gfeldharkerrk@ifeng.com,7268 Burrows Trail,Miami,Florida
Loving,Hilde,hlovingrl@craigslist.org,034 Trailsway Way,Corpus Christi,Texas
Lemin,Ginny,gleminrm@jimdo.com,5 Sutteridge Circle,Orlando,Florida
Habercham,Fransisco,fhaberchamrn@engadget.com,047 Maple Center,Tyler,Texas
Blinman,Gabbey,gblinmanro@earthlink.net,1930 Lyons Hill,Tacoma,Washington
Kiebes,Ingra,ikiebesrp@shareasale.com,54151 Moose Place,Berkeley,California
Gudgion,Talbot,tgudgionrq@elegantthemes.com,34 Onsgard Terrace,Albuquerque,New Mexico
Spendlove,Krista,kspendloverr@gravatar.com,7198 5th Terrace,Oklahoma City,Oklahoma
